日期,净值,购买,购买净值,总成本,剩余,出售,出售总值
2018-09-05,1.000000,200.000000,200.000000,200.000000,200.000000,0.000000,0.000000
2018-09-07,0.998600,0.000000,200.000000,200.000000,199.720000,0.000000,0.000000
2018-09-14,0.998500,0.000000,200.000000,200.000000,199.700000,0.000000,0.000000
2018-09-21,1.014300,0.000000,200.000000,200.000000,202.860000,0.000000,0.000000
2018-09-28,1.019200,0.000000,200.000000,200.000000,203.840000,0.000000,0.000000
2018-10-08,0.997200,200.000000,400.000000,400.000000,399.440000,0.000000,0.000000
2018-10-09,0.997000,0.000000,400.000000,400.000000,399.359888,0.000000,0.000000
2018-10-10,0.988500,0.000000,400.000000,400.000000,395.955114,0.000000,0.000000
2018-10-11,0.973100,0.000000,400.000000,400.000000,389.786466,0.000000,0.000000
2018-10-12,0.987200,0.000000,400.000000,400.000000,395.434384,0.000000,0.000000
2018-10-15,0.982000,200.000000,600.000000,600.000000,593.351464,0.000000,0.000000
2018-10-16,0.979300,0.000000,600.000000,600.000000,591.720050,0.000000,0.000000
2018-10-18,0.970600,0.000000,600.000000,600.000000,586.463270,0.000000,0.000000
2018-10-19,0.985500,0.000000,600.000000,600.000000,595.466261,0.000000,0.000000
2018-10-22,1.008400,0.000000,600.000000,600.000000,609.303072,0.000000,0.000000
2018-10-23,0.983000,200.000000,800.000000,800.000000,793.955692,0.000000,0.000000
2018-10-24,0.974800,0.000000,800.000000,800.000000,787.332664,0.000000,0.000000
2018-10-25,0.962300,0.000000,800.000000,800.000000,777.236584,0.000000,0.000000
2018-10-26,0.952900,0.000000,800.000000,800.000000,769.644332,0.000000,0.000000
2018-10-29,0.924600,0.000000,800.000000,800.000000,746.786808,0.000000,0.000000
2018-10-30,0.920100,200.000000,1000.000000,1000.000000,943.152220,0.000000,0.000000
2018-10-31,0.937400,0.000000,1000.000000,1000.000000,960.885654,0.000000,0.000000
2018-11-01,0.950300,0.000000,1000.000000,1000.000000,974.108852,0.000000,0.000000
2018-11-02,0.989300,0.000000,1000.000000,1000.000000,1014.085959,0.000000,0.000000
2018-11-05,0.972700,0.000000,1000.000000,1000.000000,997.070062,0.000000,0.000000
2018-11-06,0.968600,200.000000,1200.000000,1200.000000,1192.867340,0.000000,0.000000
2018-11-07,0.966700,0.000000,1200.000000,1200.000000,1190.527419,0.000000,0.000000
2018-11-08,0.968800,0.000000,1200.000000,1200.000000,1193.113648,0.000000,0.000000
2018-11-09,0.960200,0.000000,1200.000000,1200.000000,1182.522424,0.000000,0.000000
2018-11-12,0.959300,0.000000,1200.000000,1200.000000,1181.414041,0.000000,0.000000
2018-11-13,0.968700,200.000000,1400.000000,1400.000000,1392.990494,0.000000,0.000000
2018-11-14,0.960900,0.000000,1400.000000,1400.000000,1381.774095,0.000000,0.000000
2018-11-15,0.965800,0.000000,1400.000000,1400.000000,1388.820295,0.000000,0.000000
2018-11-16,0.967000,0.000000,1400.000000,1400.000000,1390.545894,0.000000,0.000000
2018-11-19,0.974800,0.000000,1400.000000,1400.000000,1401.762294,0.000000,0.000000
2018-11-20,0.959900,200.000000,1600.000000,1600.000000,1580.336095,0.000000,0.000000
2018-11-21,0.968000,0.000000,1600.000000,1600.000000,1593.671570,0.000000,0.000000
2018-11-22,0.969300,0.000000,1600.000000,1600.000000,1595.811831,0.000000,0.000000
2018-11-23,0.960600,0.000000,1600.000000,1600.000000,1581.488544,0.000000,0.000000
2018-11-26,0.961700,0.000000,1600.000000,1600.000000,1583.299534,0.000000,0.000000
2018-11-27,0.960500,200.000000,1800.000000,1800.000000,1781.323908,0.000000,0.000000
2018-11-28,0.968300,0.000000,1800.000000,1800.000000,1795.789631,0.000000,0.000000
2018-11-29,0.964100,0.000000,1800.000000,1800.000000,1788.000395,0.000000,0.000000
2018-11-30,0.970700,0.000000,1800.000000,1800.000000,1800.240622,0.000000,0.000000
2018-12-03,0.992300,0.000000,1800.000000,1800.000000,1840.299546,0.000000,0.000000
2018-12-04,0.993900,200.000000,2000.000000,2000.000000,2043.266874,0.000000,0.000000
2018-12-05,0.990400,0.000000,2000.000000,2000.000000,2036.071548,0.000000,0.000000
2018-12-06,0.965100,0.000000,2000.000000,2000.000000,1984.059624,0.000000,0.000000
2018-12-07,0.963400,0.000000,2000.000000,2000.000000,1980.564751,0.000000,0.000000
2018-12-10,0.956900,0.000000,2000.000000,2000.000000,1967.202004,0.000000,0.000000
2018-12-11,0.963000,200.000000,2200.000000,2200.000000,2179.742428,0.000000,0.000000
2018-12-12,0.967800,0.000000,2200.000000,2200.000000,2190.607188,0.000000,0.000000
2018-12-13,0.978800,0.000000,2200.000000,2200.000000,2215.505596,0.000000,0.000000
2018-12-14,0.968800,0.000000,2200.000000,2200.000000,2192.870680,0.000000,0.000000
2018-12-17,0.964200,0.000000,2200.000000,2200.000000,2182.458618,0.000000,0.000000
2018-12-18,0.959100,200.000000,2400.000000,2400.000000,2370.914811,0.000000,0.000000
2018-12-19,0.951400,0.000000,2400.000000,2400.000000,2351.880254,0.000000,0.000000
2018-12-20,0.947900,0.000000,2400.000000,2400.000000,2343.228182,0.000000,0.000000
2018-12-21,0.940400,0.000000,2400.000000,2400.000000,2324.688029,0.000000,0.000000
2018-12-31,0.947100,0.000000,2400.000000,2400.000000,2341.250566,0.000000,0.000000
2019-01-02,0.930600,200.000000,2600.000000,2600.000000,2500.462228,0.000000,0.000000
2019-01-03,0.919900,0.000000,2600.000000,2600.000000,2471.712018,0.000000,0.000000
2019-01-04,0.926800,0.000000,2600.000000,2600.000000,2490.251873,0.000000,0.000000
2019-01-07,0.931500,0.000000,2600.000000,2600.000000,2502.880470,0.000000,0.000000
2019-01-08,0.933200,0.000000,2600.000000,2600.000000,2507.448261,0.000000,0.000000
2019-01-09,0.947300,200.000000,2800.000000,2800.000000,2745.334052,0.000000,0.000000
2019-01-10,0.950000,0.000000,2800.000000,2800.000000,2753.158819,0.000000,0.000000
2019-01-11,0.955700,0.000000,2800.000000,2800.000000,2769.677772,0.000000,0.000000
2019-01-14,0.941300,0.000000,2800.000000,2800.000000,2727.945681,0.000000,0.000000
2019-01-15,0.968800,0.000000,2800.000000,2800.000000,2807.642383,0.000000,0.000000
2019-01-16,0.971800,200.000000,3000.000000,3000.000000,3016.336569,0.000000,0.000000
2019-01-17,0.970500,0.000000,3000.000000,3000.000000,3012.301544,0.000000,0.000000
2019-01-18,0.993200,0.000000,3000.000000,3000.000000,3082.759292,0.000000,0.000000
2019-01-21,0.998700,0.000000,3000.000000,3000.000000,3099.830553,0.000000,0.000000
2019-01-22,0.984800,0.000000,3000.000000,3000.000000,3056.686821,0.000000,0.000000
2019-01-23,0.981700,200.000000,3200.000000,3200.000000,3247.064838,0.000000,0.000000
2019-01-24,0.984900,0.000000,3200.000000,3200.000000,3257.649138,0.000000,0.000000
2019-01-25,0.997500,0.000000,3200.000000,3200.000000,3299.324820,0.000000,0.000000
2019-01-28,0.998200,0.000000,3200.000000,3200.000000,3301.640136,0.000000,0.000000
2019-01-29,1.002500,0.000000,3200.000000,3200.000000,3315.862789,0.000000,0.000000
2019-01-30,0.995400,200.000000,3400.000000,3400.000000,3492.378873,0.000000,0.000000
2019-02-11,1.047500,0.000000,0.000000,3400.000000,0.000000,3675.172664,3675.172664
2019-02-12,1.056900,0.000000,0.000000,3400.000000,0.000000,0.000000,3675.172664
2019-02-13,1.070400,0.000000,0.000000,3400.000000,0.000000,0.000000,3675.172664
2019-02-14,1.073900,0.000000,0.000000,3400.000000,0.000000,0.000000,3675.172664
2019-02-15,1.050900,200.000000,200.000000,3600.000000,200.000000,0.000000,3675.172664
2019-02-18,1.077300,0.000000,200.000000,3600.000000,205.024265,0.000000,3675.172664
2019-02-19,1.069300,0.000000,200.000000,3600.000000,203.501760,0.000000,3675.172664
2019-02-20,1.071700,0.000000,200.000000,3600.000000,203.958512,0.000000,3675.172664
2019-02-21,1.072000,0.000000,200.000000,3600.000000,204.015606,0.000000,3675.172664
2019-02-22,1.082000,200.000000,400.000000,3800.000000,405.918736,0.000000,3675.172664
2019-02-25,1.104400,0.000000,400.000000,3800.000000,414.322230,0.000000,3675.172664
2019-02-26,1.089700,0.000000,400.000000,3800.000000,408.807437,0.000000,3675.172664
2019-02-27,1.082900,0.000000,400.000000,3800.000000,406.256377,0.000000,3675.172664
2019-02-28,1.091800,0.000000,400.000000,3800.000000,409.595265,0.000000,3675.172664
2019-03-01,1.122400,200.000000,600.000000,4000.000000,621.075037,0.000000,3675.172664
2019-03-04,1.137000,0.000000,600.000000,4000.000000,629.153882,0.000000,3675.172664
2019-03-05,1.139300,0.000000,600.000000,4000.000000,630.426576,0.000000,3675.172664
2019-03-06,1.135000,0.000000,600.000000,4000.000000,628.047190,0.000000,3675.172664
2019-03-07,1.106100,0.000000,600.000000,4000.000000,612.055504,0.000000,3675.172664
2019-03-08,1.082900,200.000000,800.000000,4200.000000,799.217888,0.000000,3675.172664
2019-03-11,1.117900,0.000000,800.000000,4200.000000,825.049106,0.000000,3675.172664
2019-03-12,1.125600,0.000000,800.000000,4200.000000,830.731974,0.000000,3675.172664
2019-03-13,1.124100,0.000000,800.000000,4200.000000,829.624922,0.000000,3675.172664
2019-03-14,1.127800,0.000000,800.000000,4200.000000,832.355650,0.000000,3675.172664
2019-03-15,1.146500,200.000000,1000.000000,4400.000000,1046.156901,0.000000,3675.172664
2019-03-18,1.192800,0.000000,0.000000,4400.000000,0.000000,1088.404668,4763.577332
2019-03-19,1.185000,0.000000,0.000000,4400.000000,0.000000,0.000000,4763.577332
2019-03-20,1.178700,0.000000,0.000000,4400.000000,0.000000,0.000000,4763.577332
2019-03-21,1.170800,0.000000,0.000000,4400.000000,0.000000,0.000000,4763.577332
2019-03-22,1.179600,200.000000,200.000000,4600.000000,200.000000,0.000000,4763.577332
2019-03-25,1.149800,0.000000,200.000000,4600.000000,194.947440,0.000000,4763.577332
2019-03-26,1.153200,0.000000,200.000000,4600.000000,195.523906,0.000000,4763.577332
2019-03-27,1.169200,0.000000,200.000000,4600.000000,198.236690,0.000000,4763.577332
2019-03-28,1.175200,0.000000,200.000000,4600.000000,199.253984,0.000000,4763.577332
2019-03-29,1.204600,200.000000,400.000000,4800.000000,404.238725,0.000000,4763.577332
2019-04-01,1.216700,0.000000,400.000000,4800.000000,408.299234,0.000000,4763.577332
2019-04-02,1.208700,0.000000,400.000000,4800.000000,405.614600,0.000000,4763.577332
2019-04-03,1.220300,0.000000,400.000000,4800.000000,409.507319,0.000000,4763.577332
2019-04-04,1.229300,0.000000,400.000000,4800.000000,412.527532,0.000000,4763.577332
2019-04-08,1.245800,200.000000,600.000000,5000.000000,618.064589,0.000000,4763.577332
2019-04-09,1.263700,0.000000,600.000000,5000.000000,626.945112,0.000000,4763.577332
2019-04-10,1.272500,0.000000,600.000000,5000.000000,631.310956,0.000000,4763.577332
2019-04-11,1.240500,0.000000,600.000000,5000.000000,615.435160,0.000000,4763.577332
2019-04-12,1.238800,0.000000,600.000000,5000.000000,614.591758,0.000000,4763.577332
2019-04-15,1.226200,200.000000,800.000000,5200.000000,808.340664,0.000000,4763.577332
2019-04-16,1.246200,0.000000,800.000000,5200.000000,821.525147,0.000000,4763.577332
2019-04-17,1.250000,0.000000,800.000000,5200.000000,824.030199,0.000000,4763.577332
2019-04-18,1.244400,0.000000,800.000000,5200.000000,820.338543,0.000000,4763.577332
2019-04-23,1.256800,0.000000,800.000000,5200.000000,828.512923,0.000000,4763.577332
2019-04-24,1.252500,200.000000,1000.000000,5400.000000,1025.678259,0.000000,4763.577332
2019-04-25,1.231500,0.000000,1000.000000,5400.000000,1008.481258,0.000000,4763.577332
2019-04-26,1.236100,0.000000,1000.000000,5400.000000,1012.248220,0.000000,4763.577332
2019-04-30,1.259400,0.000000,1000.000000,5400.000000,1031.328702,0.000000,4763.577332
2019-05-06,1.197200,0.000000,1000.000000,5400.000000,980.392824,0.000000,4763.577332
2019-05-07,1.217000,200.000000,1200.000000,5600.000000,1196.607139,0.000000,4763.577332
2019-05-08,1.207600,0.000000,1200.000000,5600.000000,1187.364651,0.000000,4763.577332
2019-05-09,1.168200,0.000000,1200.000000,5600.000000,1148.624864,0.000000,4763.577332
2019-05-10,1.218200,0.000000,1200.000000,5600.000000,1197.787031,0.000000,4763.577332
2019-05-14,1.201300,0.000000,1200.000000,5600.000000,1181.170218,0.000000,4763.577332
2019-05-15,1.249300,200.000000,1400.000000,5800.000000,1428.365898,0.000000,4763.577332
2019-05-16,1.262000,0.000000,1400.000000,5800.000000,1442.886227,0.000000,4763.577332
2019-05-17,1.234400,0.000000,1400.000000,5800.000000,1411.330237,0.000000,4763.577332
2019-05-20,1.207900,0.000000,1400.000000,5800.000000,1381.031913,0.000000,4763.577332
2019-05-21,1.213900,0.000000,1400.000000,5800.000000,1387.891911,0.000000,4763.577332
2019-05-22,1.211200,200.000000,1600.000000,6000.000000,1584.804912,0.000000,4763.577332
2019-05-23,1.177700,0.000000,1600.000000,6000.000000,1540.971553,0.000000,4763.577332
2019-05-24,1.185100,0.000000,1600.000000,6000.000000,1550.654145,0.000000,4763.577332
2019-05-27,1.195300,0.000000,1600.000000,6000.000000,1564.000422,0.000000,4763.577332
2019-05-28,1.214500,0.000000,1600.000000,6000.000000,1589.122825,0.000000,4763.577332
2019-05-29,1.211000,200.000000,1800.000000,6200.000000,1784.543220,0.000000,4763.577332
2019-05-30,1.203500,0.000000,1800.000000,6200.000000,1773.491136,0.000000,4763.577332
2019-05-31,1.196700,0.000000,1800.000000,6200.000000,1763.470579,0.000000,4763.577332
2019-06-03,1.198700,0.000000,1800.000000,6200.000000,1766.417802,0.000000,4763.577332
2019-06-04,1.178800,0.000000,1800.000000,6200.000000,1737.092938,0.000000,4763.577332
2019-06-05,1.167900,200.000000,2000.000000,6400.000000,1921.030575,0.000000,4763.577332
2019-06-06,1.160500,0.000000,2000.000000,6400.000000,1908.858620,0.000000,4763.577332
2019-06-10,1.192300,0.000000,2000.000000,6400.000000,1961.165130,0.000000,4763.577332
2019-06-11,1.229400,0.000000,2000.000000,6400.000000,2022.189390,0.000000,4763.577332
2019-06-12,1.212900,0.000000,2000.000000,6400.000000,1995.049221,0.000000,4763.577332
2019-06-13,1.208800,200.000000,2200.000000,6600.000000,2188.305300,0.000000,4763.577332
2019-06-14,1.202700,0.000000,2200.000000,6600.000000,2177.262396,0.000000,4763.577332
2019-06-17,1.203400,0.000000,2200.000000,6600.000000,2178.529614,0.000000,4763.577332
2019-06-18,1.218000,0.000000,2200.000000,6600.000000,2204.960171,0.000000,4763.577332
2019-06-19,1.244700,0.000000,2200.000000,6600.000000,2253.295505,0.000000,4763.577332
2019-06-20,1.279100,200.000000,2400.000000,6800.000000,2515.570242,0.000000,4763.577332
2019-06-21,1.280300,0.000000,2400.000000,6800.000000,2517.930249,0.000000,4763.577332
2019-06-24,1.293700,0.000000,2400.000000,6800.000000,2544.283654,0.000000,4763.577332
2019-06-25,1.288300,0.000000,2400.000000,6800.000000,2533.663625,0.000000,4763.577332
2019-06-26,1.288300,0.000000,2400.000000,6800.000000,2533.663625,0.000000,4763.577332
2019-06-27,1.314900,200.000000,200.000000,7000.000000,200.000000,2585.977102,7349.554434
2019-06-28,1.318400,0.000000,200.000000,7000.000000,200.532360,0.000000,7349.554434
2019-06-30,1.318300,0.000000,200.000000,7000.000000,200.517150,0.000000,7349.554434
2019-07-02,1.362500,0.000000,200.000000,7000.000000,207.240094,0.000000,7349.554434
2019-07-03,1.345400,0.000000,200.000000,7000.000000,204.639136,0.000000,7349.554434
2019-07-04,1.335200,200.000000,400.000000,7200.000000,403.087687,0.000000,7349.554434
2019-07-05,1.362000,0.000000,400.000000,7200.000000,411.178423,0.000000,7349.554434
2019-07-08,1.340200,0.000000,400.000000,7200.000000,404.597153,0.000000,7349.554434
2019-07-09,1.335400,0.000000,400.000000,7200.000000,403.148066,0.000000,7349.554434
2019-07-10,1.347100,0.000000,400.000000,7200.000000,406.680215,0.000000,7349.554434
2019-07-11,1.340500,200.000000,600.000000,7400.000000,604.687721,0.000000,7349.554434
2019-07-12,1.346900,0.000000,600.000000,7400.000000,607.574704,0.000000,7349.554434
2019-07-15,1.347600,0.000000,600.000000,7400.000000,607.890468,0.000000,7349.554434
2019-07-16,1.336800,0.000000,600.000000,7400.000000,603.018683,0.000000,7349.554434
2019-07-17,1.337600,0.000000,600.000000,7400.000000,603.379556,0.000000,7349.554434
2019-07-18,1.324400,200.000000,800.000000,7600.000000,797.425153,0.000000,7349.554434
2019-07-19,1.334600,0.000000,800.000000,7600.000000,803.566603,0.000000,7349.554434
2019-07-22,1.329700,0.000000,800.000000,7600.000000,800.616299,0.000000,7349.554434
2019-07-23,1.324100,0.000000,800.000000,7600.000000,797.244522,0.000000,7349.554434
2019-07-24,1.324900,0.000000,800.000000,7600.000000,797.726204,0.000000,7349.554434
2019-07-25,1.339300,200.000000,1000.000000,7800.000000,1006.396487,0.000000,7349.554434
2019-07-26,1.338600,0.000000,1000.000000,7800.000000,1005.870483,0.000000,7349.554434
2019-07-29,1.346300,0.000000,1000.000000,7800.000000,1011.656530,0.000000,7349.554434
2019-07-30,1.343200,0.000000,1000.000000,7800.000000,1009.327082,0.000000,7349.554434
2019-08-01,1.323200,0.000000,1000.000000,7800.000000,994.298388,0.000000,7349.554434
2019-08-02,1.300300,200.000000,1200.000000,8000.000000,1177.090534,0.000000,7349.554434
2019-08-05,1.274600,0.000000,1200.000000,8000.000000,1153.825728,0.000000,7349.554434
2019-08-06,1.282500,0.000000,1200.000000,8000.000000,1160.977166,0.000000,7349.554434
2019-08-07,1.283400,0.000000,1200.000000,8000.000000,1161.791887,0.000000,7349.554434
2019-08-08,1.301400,0.000000,1200.000000,8000.000000,1178.086304,0.000000,7349.554434
2019-08-09,1.288000,200.000000,1400.000000,8200.000000,1365.956016,0.000000,7349.554434
2019-08-12,1.316700,0.000000,1400.000000,8200.000000,1396.393079,0.000000,7349.554434
2019-08-13,1.306200,0.000000,1400.000000,8200.000000,1385.257568,0.000000,7349.554434
2019-08-14,1.323100,0.000000,1400.000000,8200.000000,1403.180438,0.000000,7349.554434
2019-08-15,1.320900,0.000000,1400.000000,8200.000000,1400.847284,0.000000,7349.554434
2019-08-16,1.337600,200.000000,1600.000000,8400.000000,1618.558049,0.000000,7349.554434
2019-08-19,1.360800,0.000000,1600.000000,8400.000000,1646.631125,0.000000,7349.554434
2019-08-20,1.363900,0.000000,1600.000000,8400.000000,1650.382269,0.000000,7349.554434
2019-08-21,1.363800,0.000000,1600.000000,8400.000000,1650.261264,0.000000,7349.554434
2019-08-22,1.382400,0.000000,1600.000000,8400.000000,1672.768127,0.000000,7349.554434
2019-08-23,1.400100,200.000000,1800.000000,8600.000000,1894.185948,0.000000,7349.554434
2019-08-26,1.376400,0.000000,1800.000000,8600.000000,1862.122376,0.000000,7349.554434
2019-08-27,1.396400,0.000000,1800.000000,8600.000000,1889.180243,0.000000,7349.554434
2019-08-28,1.384800,0.000000,1800.000000,8600.000000,1873.486680,0.000000,7349.554434
2019-08-29,1.411900,0.000000,1800.000000,8600.000000,1910.150089,0.000000,7349.554434
2019-08-30,1.436800,200.000000,200.000000,8800.000000,200.000000,1943.837133,9293.391567
2019-09-02,1.451000,0.000000,200.000000,8800.000000,201.976615,0.000000,9293.391567
2019-09-03,1.441000,0.000000,200.000000,8800.000000,200.584633,0.000000,9293.391567
2019-09-04,1.443800,0.000000,200.000000,8800.000000,200.974388,0.000000,9293.391567
2019-09-05,1.452700,0.000000,200.000000,8800.000000,202.213252,0.000000,9293.391567
2019-09-06,1.456800,200.000000,400.000000,9000.000000,402.783964,0.000000,9293.391567
2019-09-09,1.444100,0.000000,400.000000,9000.000000,399.272599,0.000000,9293.391567
2019-09-10,1.430000,0.000000,400.000000,9000.000000,395.374155,0.000000,9293.391567
2019-09-11,1.400000,0.000000,400.000000,9000.000000,387.079592,0.000000,9293.391567
2019-09-12,1.412100,0.000000,400.000000,9000.000000,390.425066,0.000000,9293.391567
2019-09-16,1.403500,200.000000,600.000000,9200.000000,588.047291,0.000000,9293.391567
2019-09-17,1.400800,0.000000,600.000000,9200.000000,586.916028,0.000000,9293.391567
2019-09-18,1.419500,0.000000,600.000000,9200.000000,594.751072,0.000000,9293.391567
2019-09-19,1.410700,0.000000,600.000000,9200.000000,591.063993,0.000000,9293.391567
2019-09-20,1.413700,0.000000,600.000000,9200.000000,592.320952,0.000000,9293.391567
2019-09-23,1.398400,200.000000,800.000000,9400.000000,785.910461,0.000000,9293.391567
2019-09-24,1.416000,0.000000,800.000000,9400.000000,795.801783,0.000000,9293.391567
2019-09-25,1.400000,0.000000,800.000000,9400.000000,786.809672,0.000000,9293.391567
2019-09-26,1.399800,0.000000,800.000000,9400.000000,786.697271,0.000000,9293.391567
2019-09-27,1.398500,0.000000,800.000000,9400.000000,785.966662,0.000000,9293.391567
2019-09-30,1.394300,200.000000,1000.000000,9600.000000,983.606233,0.000000,9293.391567
2019-10-08,1.409500,0.000000,1000.000000,9600.000000,994.329043,0.000000,9293.391567
2019-10-09,1.398800,0.000000,1000.000000,9600.000000,986.780749,0.000000,9293.391567
2019-10-10,1.418000,0.000000,1000.000000,9600.000000,1000.325352,0.000000,9293.391567
2019-10-11,1.429400,0.000000,1000.000000,9600.000000,1008.367460,0.000000,9293.391567
2019-10-14,1.433000,200.000000,1200.000000,9800.000000,1210.907073,0.000000,9293.391567
2019-10-15,1.445500,0.000000,1200.000000,9800.000000,1221.469765,0.000000,9293.391567
2019-10-16,1.439200,0.000000,1200.000000,9800.000000,1216.146168,0.000000,9293.391567
2019-10-17,1.438300,0.000000,1200.000000,9800.000000,1215.385654,0.000000,9293.391567
2019-10-18,1.428200,0.000000,1200.000000,9800.000000,1206.850999,0.000000,9293.391567
2019-10-21,1.424300,200.000000,1400.000000,10000.000000,1403.555439,0.000000,9293.391567
2019-10-22,1.426400,0.000000,1400.000000,10000.000000,1405.624853,0.000000,9293.391567
2019-10-23,1.411000,0.000000,1400.000000,10000.000000,1390.449150,0.000000,9293.391567
2019-10-24,1.400600,0.000000,1400.000000,10000.000000,1380.200623,0.000000,9293.391567
2019-10-25,1.422700,0.000000,1400.000000,10000.000000,1401.978742,0.000000,9293.391567
2019-10-28,1.440700,200.000000,1600.000000,10200.000000,1619.716577,0.000000,9293.391567
2019-10-29,1.444700,0.000000,1600.000000,10200.000000,1624.213604,0.000000,9293.391567
2019-10-30,1.439300,0.000000,1600.000000,10200.000000,1618.142618,0.000000,9293.391567
2019-10-31,1.451100,0.000000,1600.000000,10200.000000,1631.408846,0.000000,9293.391567
2019-11-01,1.457200,0.000000,1600.000000,10200.000000,1638.266812,0.000000,9293.391567
2019-11-04,1.468800,200.000000,1800.000000,10400.000000,1851.308189,0.000000,9293.391567
2019-11-05,1.465500,0.000000,1800.000000,10400.000000,1847.148796,0.000000,9293.391567
2019-11-06,1.457300,0.000000,1800.000000,10400.000000,1836.813334,0.000000,9293.391567
2019-11-07,1.466200,0.000000,1800.000000,10400.000000,1848.031091,0.000000,9293.391567
2019-11-08,1.463400,0.000000,1800.000000,10400.000000,1844.501909,0.000000,9293.391567
2019-11-11,1.440200,200.000000,2000.000000,10600.000000,2015.260113,0.000000,9293.391567
2019-11-12,1.444400,0.000000,2000.000000,10600.000000,2021.137139,0.000000,9293.391567
2019-11-13,1.448500,0.000000,2000.000000,10600.000000,2026.874235,0.000000,9293.391567
2019-11-14,1.447900,0.000000,2000.000000,10600.000000,2026.034660,0.000000,9293.391567
2019-11-15,1.440400,0.000000,2000.000000,10600.000000,2015.539972,0.000000,9293.391567
2019-11-18,1.443400,200.000000,2200.000000,10800.000000,2219.737847,0.000000,9293.391567
2019-11-19,1.469600,0.000000,2200.000000,10800.000000,2260.029611,0.000000,9293.391567
2019-11-20,1.466600,0.000000,2200.000000,10800.000000,2255.416050,0.000000,9293.391567
2019-11-21,1.455600,0.000000,2200.000000,10800.000000,2238.499661,0.000000,9293.391567
2019-11-22,1.439400,0.000000,2200.000000,10800.000000,2213.586433,0.000000,9293.391567
2019-11-25,1.432100,200.000000,2400.000000,11000.000000,2402.360102,0.000000,9293.391567
2019-11-26,1.438600,0.000000,2400.000000,11000.000000,2413.263908,0.000000,9293.391567
2019-11-27,1.434400,0.000000,2400.000000,11000.000000,2406.218372,0.000000,9293.391567
2019-11-28,1.430700,0.000000,2400.000000,11000.000000,2400.011590,0.000000,9293.391567
2019-11-29,1.389400,0.000000,2400.000000,11000.000000,2330.730483,0.000000,9293.391567
2019-12-02,1.386000,200.000000,2600.000000,11200.000000,2525.026954,0.000000,9293.391567
2019-12-03,1.380300,0.000000,2600.000000,11200.000000,2514.642644,0.000000,9293.391567
2019-12-04,1.382200,0.000000,2600.000000,11200.000000,2518.104081,0.000000,9293.391567
2019-12-05,1.393200,0.000000,2600.000000,11200.000000,2538.143977,0.000000,9293.391567
2019-12-06,1.415300,0.000000,2600.000000,11200.000000,2578.405951,0.000000,9293.391567
2019-12-09,1.396500,200.000000,2800.000000,11400.000000,2744.155946,0.000000,9293.391567
2019-12-10,1.399100,0.000000,2800.000000,11400.000000,2749.265008,0.000000,9293.391567
2019-12-11,1.401100,0.000000,2800.000000,11400.000000,2753.195056,0.000000,9293.391567
2019-12-12,1.407000,0.000000,2800.000000,11400.000000,2764.788698,0.000000,9293.391567
2019-12-13,1.429300,0.000000,2800.000000,11400.000000,2808.608732,0.000000,9293.391567
2019-12-16,1.422500,200.000000,3000.000000,11600.000000,2995.246569,0.000000,9293.391567
2019-12-17,1.451200,0.000000,3000.000000,11600.000000,3055.677906,0.000000,9293.391567
2019-12-18,1.451300,0.000000,3000.000000,11600.000000,3055.888468,0.000000,9293.391567
2019-12-19,1.445200,0.000000,3000.000000,11600.000000,3043.044177,0.000000,9293.391567
2019-12-20,1.444900,0.000000,3000.000000,11600.000000,3042.412490,0.000000,9293.391567
2019-12-23,1.449600,200.000000,3200.000000,11800.000000,3252.308911,0.000000,9293.391567
2019-12-24,1.449000,0.000000,3200.000000,11800.000000,3250.962757,0.000000,9293.391567
2019-12-25,1.441600,0.000000,3200.000000,11800.000000,3234.360187,0.000000,9293.391567
2019-12-26,1.444400,0.000000,3200.000000,11800.000000,3240.642240,0.000000,9293.391567
2019-12-27,1.459000,0.000000,3200.000000,11800.000000,3273.398663,0.000000,9293.391567
2019-12-30,1.468600,200.000000,3400.000000,12000.000000,3494.937132,0.000000,9293.391567
2019-12-31,1.469100,0.000000,3400.000000,12000.000000,3496.127020,0.000000,9293.391567
2020-01-02,1.467000,0.000000,3400.000000,12000.000000,3491.129493,0.000000,9293.391567
2020-01-03,1.459000,0.000000,3400.000000,12000.000000,3472.091295,0.000000,9293.391567
2020-01-06,1.432500,0.000000,3400.000000,12000.000000,3409.027265,0.000000,9293.391567
2020-01-07,1.449600,200.000000,3600.000000,12200.000000,3649.721413,0.000000,9293.391567
2020-01-08,1.439000,0.000000,3600.000000,12200.000000,3623.033329,0.000000,9293.391567
2020-01-09,1.468400,0.000000,3600.000000,12200.000000,3697.054996,0.000000,9293.391567
2020-01-10,1.477600,0.000000,3600.000000,12200.000000,3720.218239,0.000000,9293.391567
2020-01-13,1.502000,0.000000,3600.000000,12200.000000,3781.651188,0.000000,9293.391567
2020-01-14,1.483200,200.000000,3800.000000,12400.000000,3934.317605,0.000000,9293.391567
2020-01-15,1.485400,0.000000,3800.000000,12400.000000,3940.153297,0.000000,9293.391567
2020-01-16,1.501800,0.000000,3800.000000,12400.000000,3983.655730,0.000000,9293.391567
2020-01-17,1.511200,0.000000,3800.000000,12400.000000,4008.590051,0.000000,9293.391567
2020-01-20,1.515200,0.000000,3800.000000,12400.000000,4019.200401,0.000000,9293.391567
2020-01-21,1.487400,200.000000,4000.000000,12600.000000,4145.458472,0.000000,9293.391567
2020-01-22,1.496400,0.000000,4000.000000,12600.000000,4170.541923,0.000000,9293.391567
2020-01-23,1.456700,0.000000,4000.000000,12600.000000,4059.896030,0.000000,9293.391567
2020-02-03,1.389600,0.000000,4000.000000,12600.000000,3872.884962,0.000000,9293.391567
2020-02-04,1.419200,0.000000,4000.000000,12600.000000,3955.381648,0.000000,9293.391567
2020-02-05,1.443800,200.000000,4200.000000,12800.000000,4223.943083,0.000000,9293.391567
2020-02-06,1.477100,0.000000,4200.000000,12800.000000,4321.364682,0.000000,9293.391567
2020-02-07,1.477100,0.000000,4200.000000,12800.000000,4321.364682,0.000000,9293.391567
2020-02-10,1.478000,0.000000,4200.000000,12800.000000,4323.997698,0.000000,9293.391567
2020-02-11,1.500900,0.000000,4200.000000,12800.000000,4390.993332,0.000000,9293.391567
2020-02-12,1.505900,200.000000,4400.000000,13000.000000,4605.621200,0.000000,9293.391567
2020-02-13,1.505400,0.000000,4400.000000,13000.000000,4604.092008,0.000000,9293.391567
2020-02-14,1.518500,0.000000,4400.000000,13000.000000,4644.156844,0.000000,9293.391567
2020-02-17,1.519900,0.000000,4400.000000,13000.000000,4648.438583,0.000000,9293.391567
2020-02-18,1.504600,0.000000,4400.000000,13000.000000,4601.645300,0.000000,9293.391567
2020-02-19,1.507500,200.000000,4600.000000,13200.000000,4810.514615,0.000000,9293.391567
2020-02-20,1.530800,0.000000,4600.000000,13200.000000,4884.866184,0.000000,9293.391567
2020-02-21,1.521200,0.000000,4600.000000,13200.000000,4854.232061,0.000000,9293.391567
2020-02-24,1.492100,0.000000,4600.000000,13200.000000,4761.372376,0.000000,9293.391567
2020-02-25,1.499800,0.000000,4600.000000,13200.000000,4785.943496,0.000000,9293.391567
2020-02-26,1.479000,200.000000,4800.000000,13400.000000,4919.569563,0.000000,9293.391567
2020-02-27,1.493100,0.000000,4800.000000,13400.000000,4966.470124,0.000000,9293.391567
2020-02-28,1.454600,0.000000,4800.000000,13400.000000,4838.408307,0.000000,9293.391567
2020-03-02,1.477300,0.000000,4800.000000,13400.000000,4913.914885,0.000000,9293.391567
2020-03-03,1.500100,0.000000,4800.000000,13400.000000,4989.754091,0.000000,9293.391567
2020-03-04,1.506400,200.000000,5000.000000,13600.000000,5210.709661,0.000000,9293.391567
2020-03-05,1.557600,0.000000,0.000000,13600.000000,0.000000,5387.812911,14681.204478
2020-03-06,1.535700,0.000000,0.000000,13600.000000,0.000000,0.000000,14681.204478
2020-03-09,1.482100,0.000000,0.000000,13600.000000,0.000000,0.000000,14681.204478
2020-03-10,1.504500,0.000000,0.000000,13600.000000,0.000000,0.000000,14681.204478
2020-03-11,1.499800,200.000000,200.000000,13800.000000,200.000000,0.000000,14681.204478
2020-03-12,1.453700,0.000000,200.000000,13800.000000,193.852514,0.000000,14681.204478
2020-03-13,1.445600,0.000000,200.000000,13800.000000,192.772370,0.000000,14681.204478
2020-03-16,1.371500,0.000000,200.000000,13800.000000,182.891052,0.000000,14681.204478
2020-03-17,1.378900,0.000000,200.000000,13800.000000,183.877850,0.000000,14681.204478
2020-03-18,1.336600,200.000000,400.000000,14000.000000,378.237098,0.000000,14681.204478
2020-03-19,1.296600,0.000000,400.000000,14000.000000,366.917718,0.000000,14681.204478
2020-03-20,1.365000,0.000000,400.000000,14000.000000,386.273858,0.000000,14681.204478
2020-03-23,1.324000,0.000000,400.000000,14000.000000,374.671493,0.000000,14681.204478
2020-03-24,1.379500,0.000000,400.000000,14000.000000,390.377134,0.000000,14681.204478
2020-03-25,1.432900,200.000000,600.000000,14200.000000,605.488507,0.000000,14681.204478
2020-03-26,1.437800,0.000000,600.000000,14200.000000,607.559059,0.000000,14681.204478
2020-03-27,1.433300,0.000000,600.000000,14200.000000,605.657531,0.000000,14681.204478
2020-03-30,1.411600,0.000000,600.000000,14200.000000,596.487945,0.000000,14681.204478
2020-03-31,1.432600,0.000000,600.000000,14200.000000,605.361738,0.000000,14681.204478
2020-04-01,1.427900,200.000000,800.000000,14400.000000,803.375699,0.000000,14681.204478
2020-04-02,1.454700,0.000000,800.000000,14400.000000,818.454114,0.000000,14681.204478
2020-04-03,1.462500,0.000000,800.000000,14400.000000,822.842608,0.000000,14681.204478
2020-04-07,1.505900,0.000000,800.000000,14400.000000,847.260638,0.000000,14681.204478
2020-04-08,1.492100,0.000000,800.000000,14400.000000,839.496379,0.000000,14681.204478
2020-04-09,1.512800,200.000000,1000.000000,14600.000000,1051.142767,0.000000,14681.204478
2020-04-10,1.512500,0.000000,1000.000000,14600.000000,1050.934317,0.000000,14681.204478
2020-04-13,1.508900,0.000000,1000.000000,14600.000000,1048.432920,0.000000,14681.204478
2020-04-14,1.523000,0.000000,1000.000000,14600.000000,1058.230060,0.000000,14681.204478
2020-04-15,1.521000,0.000000,1000.000000,14600.000000,1056.840394,0.000000,14681.204478
2020-04-16,1.527300,200.000000,1200.000000,14800.000000,1261.217840,0.000000,14681.204478
2020-04-17,1.542200,0.000000,1200.000000,14800.000000,1273.522001,0.000000,14681.204478
2020-04-20,1.550000,0.000000,1200.000000,14800.000000,1279.963106,0.000000,14681.204478
2020-04-21,1.513700,0.000000,1200.000000,14800.000000,1249.987196,0.000000,14681.204478
2020-04-22,1.543700,0.000000,1200.000000,14800.000000,1274.760675,0.000000,14681.204478
2020-04-23,1.557700,200.000000,200.000000,15000.000000,200.000000,1286.321632,15967.526110
2020-04-24,1.543200,0.000000,200.000000,15000.000000,198.138281,0.000000,15967.526110
2020-04-27,1.559100,0.000000,200.000000,15000.000000,200.179752,0.000000,15967.526110
2020-04-28,1.594500,0.000000,200.000000,15000.000000,204.724915,0.000000,15967.526110
2020-04-29,1.583100,0.000000,200.000000,15000.000000,203.261218,0.000000,15967.526110
2020-04-30,1.580600,200.000000,400.000000,15200.000000,402.940232,0.000000,15967.526110
2020-05-06,1.596100,0.000000,400.000000,15200.000000,406.891627,0.000000,15967.526110
2020-05-07,1.604200,0.000000,400.000000,15200.000000,408.956549,0.000000,15967.526110
2020-05-08,1.617600,0.000000,400.000000,15200.000000,412.372593,0.000000,15967.526110
2020-05-11,1.621900,0.000000,400.000000,15200.000000,413.468786,0.000000,15967.526110
2020-05-12,1.635200,200.000000,600.000000,15400.000000,616.859337,0.000000,15967.526110
2020-05-13,1.672400,0.000000,600.000000,15400.000000,630.892585,0.000000,15967.526110
2020-05-14,1.667800,0.000000,600.000000,15400.000000,629.157291,0.000000,15967.526110
2020-05-15,1.655600,0.000000,600.000000,15400.000000,624.554989,0.000000,15967.526110
2020-05-18,1.692400,0.000000,600.000000,15400.000000,638.437342,0.000000,15967.526110
2020-05-19,1.714900,200.000000,200.000000,15600.000000,200.000000,646.925194,16614.451304
2020-05-20,1.716500,0.000000,200.000000,15600.000000,200.186600,0.000000,16614.451304
2020-05-21,1.714600,0.000000,200.000000,15600.000000,199.965013,0.000000,16614.451304
2020-05-22,1.648100,0.000000,200.000000,15600.000000,192.209458,0.000000,16614.451304
2020-05-25,1.688400,0.000000,200.000000,15600.000000,196.909441,0.000000,16614.451304
2020-05-26,1.723400,200.000000,400.000000,15800.000000,400.991311,0.000000,16614.451304
2020-05-27,1.704100,0.000000,400.000000,15800.000000,396.500693,0.000000,16614.451304
2020-05-28,1.690200,0.000000,400.000000,15800.000000,393.266517,0.000000,16614.451304
2020-05-29,1.730400,0.000000,400.000000,15800.000000,402.620033,0.000000,16614.451304
2020-06-01,1.795000,0.000000,400.000000,15800.000000,417.650809,0.000000,16614.451304
2020-06-02,1.784500,200.000000,600.000000,16000.000000,615.207726,0.000000,16614.451304
2020-06-03,1.798700,0.000000,600.000000,16000.000000,620.103187,0.000000,16614.451304
2020-06-04,1.825000,0.000000,600.000000,16000.000000,629.170132,0.000000,16614.451304
2020-06-05,1.838600,0.000000,600.000000,16000.000000,633.858742,0.000000,16614.451304
2020-06-08,1.826100,0.000000,600.000000,16000.000000,629.549358,0.000000,16614.451304
2020-06-09,1.829300,200.000000,800.000000,16200.000000,830.652560,0.000000,16614.451304
2020-06-10,1.856400,0.000000,800.000000,16200.000000,842.958188,0.000000,16614.451304
2020-06-11,1.844500,0.000000,800.000000,16200.000000,837.554609,0.000000,16614.451304
2020-06-12,1.856800,0.000000,800.000000,16200.000000,843.139820,0.000000,16614.451304
2020-06-15,1.817100,0.000000,800.000000,16200.000000,825.112757,0.000000,16614.451304
2020-06-16,1.858700,200.000000,1000.000000,16400.000000,1044.002577,0.000000,16614.451304
2020-06-17,1.873800,0.000000,1000.000000,16400.000000,1052.484009,0.000000,16614.451304
2020-06-18,1.879800,0.000000,1000.000000,16400.000000,1055.854115,0.000000,16614.451304
2020-06-19,1.915000,0.000000,0.000000,16400.000000,0.000000,1075.625402,17690.076706
2020-06-22,1.911800,0.000000,0.000000,16400.000000,0.000000,0.000000,17690.076706
2020-06-23,1.962800,200.000000,200.000000,16600.000000,200.000000,0.000000,17690.076706
2020-06-24,1.954700,0.000000,200.000000,16600.000000,199.174648,0.000000,17690.076706
2020-06-29,1.951400,0.000000,200.000000,16600.000000,198.838394,0.000000,17690.076706
2020-06-30,1.967700,0.000000,200.000000,16600.000000,200.499287,0.000000,17690.076706
2020-07-01,2.007400,0.000000,200.000000,16600.000000,204.544528,0.000000,17690.076706
2020-07-02,2.071900,200.000000,400.000000,16800.000000,411.116772,0.000000,17690.076706
2020-07-03,2.091500,0.000000,400.000000,16800.000000,415.005902,0.000000,17690.076706
2020-07-06,2.121100,0.000000,400.000000,16800.000000,420.879282,0.000000,17690.076706
2020-07-07,2.146100,0.000000,400.000000,16800.000000,425.839907,0.000000,17690.076706
2020-07-08,2.169500,0.000000,0.000000,16800.000000,0.000000,430.483053,18120.559758
2020-07-09,2.221500,200.000000,200.000000,17000.000000,200.000000,0.000000,18120.559758
2020-07-10,2.215900,0.000000,200.000000,17000.000000,199.495836,0.000000,18120.559758
2020-07-13,2.262000,0.000000,200.000000,17000.000000,203.646185,0.000000,18120.559758
2020-07-14,2.238800,0.000000,200.000000,17000.000000,201.557506,0.000000,18120.559758
2020-07-15,2.271700,0.000000,200.000000,17000.000000,204.519469,0.000000,18120.559758
2020-07-16,2.114200,200.000000,400.000000,17200.000000,390.339860,0.000000,18120.559758
2020-07-17,2.144800,0.000000,400.000000,17200.000000,395.989468,0.000000,18120.559758
2020-07-20,2.129500,0.000000,400.000000,17200.000000,393.164664,0.000000,18120.559758
2020-07-21,2.211600,0.000000,400.000000,17200.000000,408.322597,0.000000,18120.559758
2020-07-22,2.200900,0.000000,400.000000,17200.000000,406.347081,0.000000,18120.559758
2020-07-23,2.242800,200.000000,600.000000,17400.000000,614.082981,0.000000,18120.559758
2020-07-24,2.140000,0.000000,600.000000,17400.000000,585.936142,0.000000,18120.559758
2020-07-27,2.164000,0.000000,600.000000,17400.000000,592.507389,0.000000,18120.559758
2020-07-28,2.205200,0.000000,600.000000,17400.000000,603.788029,0.000000,18120.559758
2020-07-29,2.223700,0.000000,600.000000,17400.000000,608.853364,0.000000,18120.559758
2020-07-30,2.229000,200.000000,800.000000,17600.000000,810.304515,0.000000,18120.559758
2020-07-31,2.227100,0.000000,800.000000,17600.000000,809.613811,0.000000,18120.559758
2020-08-03,2.242200,0.000000,800.000000,17600.000000,815.103088,0.000000,18120.559758
2020-08-04,2.258400,0.000000,800.000000,17600.000000,820.992246,0.000000,18120.559758
2020-08-05,2.272400,0.000000,800.000000,17600.000000,826.081642,0.000000,18120.559758
2020-08-06,2.232600,200.000000,1000.000000,17800.000000,1011.613216,0.000000,18120.559758
2020-08-07,2.198400,0.000000,1000.000000,17800.000000,996.116857,0.000000,18120.559758
2020-08-10,2.185700,0.000000,1000.000000,17800.000000,990.362361,0.000000,18120.559758
2020-08-11,2.199800,0.000000,1000.000000,17800.000000,996.751211,0.000000,18120.559758
2020-08-12,2.167600,0.000000,1000.000000,17800.000000,982.161071,0.000000,18120.559758
2020-08-13,2.165600,200.000000,1200.000000,18000.000000,1181.254851,0.000000,18120.559758
2020-08-14,2.198500,0.000000,1200.000000,18000.000000,1199.200587,0.000000,18120.559758
2020-08-17,2.233000,0.000000,1200.000000,18000.000000,1218.019063,0.000000,18120.559758
2020-08-18,2.253300,0.000000,1200.000000,18000.000000,1229.091964,0.000000,18120.559758
2020-08-19,2.237500,0.000000,1200.000000,18000.000000,1220.473647,0.000000,18120.559758
2020-08-20,2.213200,200.000000,1400.000000,18200.000000,1407.218894,0.000000,18120.559758
2020-08-21,2.242900,0.000000,1400.000000,18200.000000,1426.103044,0.000000,18120.559758
2020-08-24,2.300600,0.000000,1400.000000,18200.000000,1462.790434,0.000000,18120.559758
2020-08-25,2.326500,0.000000,1400.000000,18200.000000,1479.258430,0.000000,18120.559758
2020-08-26,2.332500,0.000000,1400.000000,18200.000000,1483.073410,0.000000,18120.559758
2020-08-27,2.347200,200.000000,1600.000000,18400.000000,1692.420110,0.000000,18120.559758
2020-08-28,2.387300,0.000000,0.000000,18400.000000,0.000000,1721.333729,19841.893488
2020-08-31,2.373200,0.000000,0.000000,18400.000000,0.000000,0.000000,19841.893488
2020-09-01,2.374800,0.000000,0.000000,18400.000000,0.000000,0.000000,19841.893488
2020-09-02,2.382400,0.000000,0.000000,18400.000000,0.000000,0.000000,19841.893488
2020-09-03,2.390100,200.000000,200.000000,18600.000000,200.000000,0.000000,19841.893488
2020-09-04,2.352100,0.000000,200.000000,18600.000000,196.820217,0.000000,19841.893488
2020-09-07,2.306500,0.000000,200.000000,18600.000000,193.004477,0.000000,19841.893488
2020-09-08,2.261200,0.000000,200.000000,18600.000000,189.213840,0.000000,19841.893488
2020-09-09,2.231400,0.000000,200.000000,18600.000000,186.720221,0.000000,19841.893488
2020-09-10,2.243300,200.000000,400.000000,18800.000000,387.715995,0.000000,19841.893488
2020-09-11,2.288000,0.000000,400.000000,18800.000000,395.441625,0.000000,19841.893488
2020-09-14,2.305200,0.000000,400.000000,18800.000000,398.414350,0.000000,19841.893488
2020-09-15,2.312200,0.000000,400.000000,18800.000000,399.624180,0.000000,19841.893488
2020-09-16,2.292400,0.000000,400.000000,18800.000000,396.202089,0.000000,19841.893488
2020-09-17,2.247400,200.000000,600.000000,19000.000000,588.424610,0.000000,19841.893488
2020-09-18,2.265300,0.000000,600.000000,19000.000000,593.111270,0.000000,19841.893488
2020-09-21,2.235200,0.000000,600.000000,19000.000000,585.230350,0.000000,19841.893488
2020-09-22,2.222100,0.000000,600.000000,19000.000000,581.800448,0.000000,19841.893488
2020-09-23,2.234300,0.000000,600.000000,19000.000000,584.994708,0.000000,19841.893488
2020-09-24,2.194800,200.000000,800.000000,19200.000000,774.652636,0.000000,19841.893488
2020-09-25,2.191500,0.000000,800.000000,19200.000000,773.487904,0.000000,19841.893488
2020-09-28,2.215500,0.000000,800.000000,19200.000000,781.958682,0.000000,19841.893488
2020-09-29,2.209200,0.000000,800.000000,19200.000000,779.735103,0.000000,19841.893488
2020-09-30,2.229200,0.000000,800.000000,19200.000000,786.794084,0.000000,19841.893488
2020-10-09,2.279600,200.000000,1000.000000,19400.000000,1004.582718,0.000000,19841.893488
2020-10-12,2.349700,0.000000,1000.000000,19400.000000,1035.474650,0.000000,19841.893488
2020-10-13,2.377300,0.000000,1000.000000,19400.000000,1047.637522,0.000000,19841.893488
2020-10-14,2.375200,0.000000,1000.000000,19400.000000,1046.712086,0.000000,19841.893488
2020-10-15,2.346000,0.000000,1000.000000,19400.000000,1033.844120,0.000000,19841.893488
2020-10-16,2.338100,200.000000,1200.000000,19600.000000,1230.362718,0.000000,19841.893488
2020-10-19,2.326900,0.000000,1200.000000,19600.000000,1224.469017,0.000000,19841.893488
2020-10-20,2.369000,0.000000,1200.000000,19600.000000,1246.623018,0.000000,19841.893488
2020-10-21,2.378400,0.000000,1200.000000,19600.000000,1251.569517,0.000000,19841.893488
2020-10-22,2.395400,0.000000,1200.000000,19600.000000,1260.515314,0.000000,19841.893488
2020-10-23,2.358400,200.000000,1400.000000,19800.000000,1441.045051,0.000000,19841.893488
2020-10-26,2.361200,0.000000,1400.000000,19800.000000,1442.755926,0.000000,19841.893488
2020-10-27,2.389400,0.000000,1400.000000,19800.000000,1459.986875,0.000000,19841.893488
2020-10-28,2.453500,0.000000,0.000000,19800.000000,0.000000,1499.153678,21341.047165
2020-10-29,2.505300,0.000000,0.000000,19800.000000,0.000000,0.000000,21341.047165
2020-10-30,2.448700,200.000000,200.000000,20000.000000,200.000000,0.000000,21341.047165
2020-11-02,2.477300,0.000000,200.000000,20000.000000,202.335933,0.000000,21341.047165
2020-11-03,2.497300,0.000000,200.000000,20000.000000,203.969453,0.000000,21341.047165
2020-11-04,2.515300,0.000000,200.000000,20000.000000,205.439621,0.000000,21341.047165
2020-11-05,2.567000,0.000000,200.000000,20000.000000,209.662270,0.000000,21341.047165
2020-11-06,2.544900,200.000000,400.000000,20200.000000,407.857230,0.000000,21341.047165
2020-11-09,2.592900,0.000000,400.000000,20200.000000,415.549928,0.000000,21341.047165
2020-11-10,2.580800,0.000000,400.000000,20200.000000,413.610727,0.000000,21341.047165
2020-11-11,2.519600,0.000000,400.000000,20200.000000,403.802537,0.000000,21341.047165
2020-11-12,2.560900,0.000000,400.000000,20200.000000,410.421463,0.000000,21341.047165
2020-11-13,2.563700,200.000000,600.000000,20400.000000,610.870204,0.000000,21341.047165
2020-11-16,2.620600,0.000000,600.000000,20400.000000,624.428153,0.000000,21341.047165
2020-11-17,2.567600,0.000000,600.000000,20400.000000,611.799483,0.000000,21341.047165
2020-11-18,2.546900,0.000000,600.000000,20400.000000,606.867154,0.000000,21341.047165
2020-11-19,2.550400,0.000000,600.000000,20400.000000,607.701122,0.000000,21341.047165
2020-11-20,2.598000,200.000000,800.000000,20600.000000,819.043098,0.000000,21341.047165
2020-11-23,2.610300,0.000000,800.000000,20600.000000,822.920784,0.000000,21341.047165
2020-11-24,2.626300,0.000000,800.000000,20600.000000,827.964930,0.000000,21341.047165
2020-11-25,2.551000,0.000000,800.000000,20600.000000,804.225921,0.000000,21341.047165
2020-11-26,2.576200,0.000000,800.000000,20600.000000,812.170450,0.000000,21341.047165
2020-11-27,2.598300,200.000000,1000.000000,20800.000000,1019.137675,0.000000,21341.047165
2020-11-30,2.531600,0.000000,1000.000000,20800.000000,992.975768,0.000000,21341.047165
2020-12-01,2.566500,0.000000,1000.000000,20800.000000,1006.664682,0.000000,21341.047165
2020-12-02,2.541000,0.000000,1000.000000,20800.000000,996.662754,0.000000,21341.047165
2020-12-03,2.572600,0.000000,1000.000000,20800.000000,1009.057300,0.000000,21341.047165
2020-12-04,2.632100,200.000000,1200.000000,21000.000000,1232.395133,0.000000,21341.047165
2020-12-07,2.613200,0.000000,1200.000000,21000.000000,1223.545824,0.000000,21341.047165
2020-12-08,2.626000,0.000000,1200.000000,21000.000000,1229.539007,0.000000,21341.047165
2020-12-09,2.617500,0.000000,1200.000000,21000.000000,1225.559159,0.000000,21341.047165
2020-12-10,2.631100,0.000000,1200.000000,21000.000000,1231.926916,0.000000,21341.047165
2020-12-11,2.641700,200.000000,1400.000000,21200.000000,1436.890021,0.000000,21341.047165
2020-12-14,2.650300,0.000000,1400.000000,21200.000000,1441.567787,0.000000,21341.047165
2020-12-15,2.631000,0.000000,1400.000000,21200.000000,1431.070010,0.000000,21341.047165
2020-12-16,2.666100,0.000000,1400.000000,21200.000000,1450.161822,0.000000,21341.047165
2020-12-17,2.712500,0.000000,1400.000000,21200.000000,1475.400001,0.000000,21341.047165
2020-12-18,2.694700,200.000000,1600.000000,21400.000000,1665.718113,0.000000,21341.047165
2020-12-21,2.719000,0.000000,1600.000000,21400.000000,1680.739062,0.000000,21341.047165
2020-12-22,2.729300,0.000000,1600.000000,21400.000000,1687.105966,0.000000,21341.047165
2020-12-23,2.744000,0.000000,1600.000000,21400.000000,1696.192712,0.000000,21341.047165
2020-12-24,2.729900,0.000000,1600.000000,21400.000000,1687.476853,0.000000,21341.047165
2020-12-25,2.732900,200.000000,1800.000000,21600.000000,1889.331292,0.000000,21341.047165
2020-12-28,2.740100,0.000000,1800.000000,21600.000000,1894.308856,0.000000,21341.047165
2020-12-29,2.753700,0.000000,1800.000000,21600.000000,1903.710922,0.000000,21341.047165
2020-12-30,2.821200,0.000000,0.000000,21600.000000,0.000000,1950.375586,23291.422752
2020-12-31,2.866100,0.000000,0.000000,21600.000000,0.000000,0.000000,23291.422752
2021-01-04,2.920200,200.000000,200.000000,21800.000000,200.000000,0.000000,23291.422752
2021-01-05,3.014400,0.000000,200.000000,21800.000000,206.451613,0.000000,23291.422752
2021-01-06,3.045200,0.000000,200.000000,21800.000000,208.561057,0.000000,23291.422752
2021-01-07,3.049100,0.000000,200.000000,21800.000000,208.828162,0.000000,23291.422752
2021-01-08,3.030600,0.000000,200.000000,21800.000000,207.561126,0.000000,23291.422752
2021-01-11,2.989800,200.000000,400.000000,22000.000000,404.766797,0.000000,23291.422752
2021-01-12,3.033500,0.000000,400.000000,22000.000000,410.683015,0.000000,23291.422752
2021-01-13,2.999700,0.000000,400.000000,22000.000000,406.107084,0.000000,23291.422752
2021-01-14,2.998500,0.000000,400.000000,22000.000000,405.944625,0.000000,23291.422752
2021-01-15,2.981900,0.000000,400.000000,22000.000000,403.697275,0.000000,23291.422752
2021-01-18,3.014300,200.000000,600.000000,22200.000000,608.083670,0.000000,23291.422752
2021-01-19,3.030300,0.000000,600.000000,22200.000000,611.311397,0.000000,23291.422752
2021-01-20,3.086800,0.000000,600.000000,22200.000000,622.709309,0.000000,23291.422752
2021-01-21,3.130200,0.000000,600.000000,22200.000000,631.464520,0.000000,23291.422752
2021-01-22,3.165200,0.000000,600.000000,22200.000000,638.525174,0.000000,23291.422752
2021-01-25,3.325000,200.000000,200.000000,22400.000000,200.000000,670.762101,23962.184853
2021-01-26,3.239300,0.000000,200.000000,22400.000000,194.845113,0.000000,23962.184853
2021-01-27,3.188900,0.000000,200.000000,22400.000000,191.813534,0.000000,23962.184853
2021-01-28,3.117400,0.000000,200.000000,22400.000000,187.512782,0.000000,23962.184853
2021-01-29,3.132700,0.000000,200.000000,22400.000000,188.433083,0.000000,23962.184853
2021-02-01,3.203000,200.000000,400.000000,22600.000000,392.661654,0.000000,23962.184853
2021-02-02,3.269200,0.000000,400.000000,22600.000000,400.777234,0.000000,23962.184853
2021-02-03,3.309200,0.000000,400.000000,22600.000000,405.680907,0.000000,23962.184853
2021-02-04,3.308400,0.000000,400.000000,22600.000000,405.582834,0.000000,23962.184853
2021-02-05,3.350000,0.000000,400.000000,22600.000000,410.682654,0.000000,23962.184853
2021-02-08,3.380700,200.000000,600.000000,22800.000000,614.446224,0.000000,23962.184853
2021-02-09,3.421500,0.000000,600.000000,22800.000000,621.861672,0.000000,23962.184853
2021-02-10,3.528700,0.000000,600.000000,22800.000000,641.345399,0.000000,23962.184853
2021-02-18,3.461000,0.000000,600.000000,22800.000000,629.040844,0.000000,23962.184853
2021-02-19,3.477000,0.000000,600.000000,22800.000000,631.948862,0.000000,23962.184853
2021-02-22,3.301500,200.000000,800.000000,23000.000000,800.051530,0.000000,23962.184853
2021-02-23,3.297900,0.000000,800.000000,23000.000000,799.179143,0.000000,23962.184853
2021-02-24,3.128700,0.000000,800.000000,23000.000000,758.176956,0.000000,23962.184853
2021-02-25,3.112200,0.000000,800.000000,23000.000000,754.178516,0.000000,23962.184853
2021-02-26,2.987200,0.000000,800.000000,23000.000000,723.887303,0.000000,23962.184853
2021-03-01,3.065500,200.000000,1000.000000,23200.000000,942.861719,0.000000,23962.184853
2021-03-02,3.011700,0.000000,1000.000000,23200.000000,926.314350,0.000000,23962.184853
2021-03-03,3.096300,0.000000,1000.000000,23200.000000,952.334934,0.000000,23962.184853
2021-03-04,2.964700,0.000000,1000.000000,23200.000000,911.858469,0.000000,23962.184853
2021-03-05,2.957000,0.000000,1000.000000,23200.000000,909.490166,0.000000,23962.184853
2021-03-08,2.787200,200.000000,1200.000000,23400.000000,1057.264454,0.000000,23962.184853
2021-03-09,2.735300,0.000000,1200.000000,23400.000000,1037.577303,0.000000,23962.184853
2021-03-10,2.789900,0.000000,1200.000000,23400.000000,1058.288641,0.000000,23962.184853
2021-03-11,2.912200,0.000000,1200.000000,23400.000000,1104.680519,0.000000,23962.184853
2021-03-12,2.883900,0.000000,1200.000000,23400.000000,1093.945522,0.000000,23962.184853
2021-03-15,2.802800,200.000000,1400.000000,23600.000000,1263.181979,0.000000,23962.184853
2021-03-16,2.857300,0.000000,1400.000000,23600.000000,1287.744351,0.000000,23962.184853
2021-03-17,2.858200,0.000000,1400.000000,23600.000000,1288.149968,0.000000,23962.184853
2021-03-18,2.921800,0.000000,1400.000000,23600.000000,1316.813581,0.000000,23962.184853
2021-03-19,2.852000,0.000000,1400.000000,23600.000000,1285.355717,0.000000,23962.184853
2021-03-22,2.856400,200.000000,1600.000000,23800.000000,1487.338734,0.000000,23962.184853
2021-03-23,2.831800,0.000000,1600.000000,23800.000000,1474.529417,0.000000,23962.184853
2021-03-24,2.777500,0.000000,1600.000000,23800.000000,1446.255193,0.000000,23962.184853
2021-03-25,2.758400,0.000000,1600.000000,23800.000000,1436.309748,0.000000,23962.184853
2021-03-26,2.847600,0.000000,1600.000000,23800.000000,1482.756539,0.000000,23962.184853
2021-03-29,2.829900,200.000000,1800.000000,24000.000000,1673.540080,0.000000,23962.184853
2021-03-30,2.867700,0.000000,1800.000000,24000.000000,1695.894161,0.000000,23962.184853
2021-03-31,2.845300,0.000000,1800.000000,24000.000000,1682.647298,0.000000,23962.184853
2021-04-01,2.934700,0.000000,1800.000000,24000.000000,1735.516475,0.000000,23962.184853
2021-04-02,2.985500,0.000000,1800.000000,24000.000000,1765.558468,0.000000,23962.184853
2021-04-06,2.964400,200.000000,2000.000000,24200.000000,1953.080396,0.000000,23962.184853
2021-04-07,2.878200,0.000000,2000.000000,24200.000000,1896.287949,0.000000,23962.184853
2021-04-08,2.901000,0.000000,2000.000000,24200.000000,1911.309617,0.000000,23962.184853
2021-04-09,2.844200,0.000000,2000.000000,24200.000000,1873.887216,0.000000,23962.184853
2021-04-12,2.800400,0.000000,2000.000000,24200.000000,1845.029800,0.000000,23962.184853
2021-04-13,2.790300,200.000000,2200.000000,24400.000000,2038.375465,0.000000,23962.184853
2021-04-14,2.820800,0.000000,2200.000000,24400.000000,2060.656385,0.000000,23962.184853
2021-04-15,2.807800,0.000000,2200.000000,24400.000000,2051.159600,0.000000,23962.184853
2021-04-16,2.846400,0.000000,2200.000000,24400.000000,2079.357748,0.000000,23962.184853
2021-04-19,2.898200,0.000000,2200.000000,24400.000000,2117.198786,0.000000,23962.184853
2021-04-20,2.918100,200.000000,2400.000000,24600.000000,2331.736173,0.000000,23962.184853
2021-04-21,2.912200,0.000000,2400.000000,24600.000000,2327.021721,0.000000,23962.184853
2021-04-22,2.919300,0.000000,2400.000000,24600.000000,2332.695045,0.000000,23962.184853
2021-04-23,2.984400,0.000000,2400.000000,24600.000000,2384.713833,0.000000,23962.184853
2021-04-26,2.961300,0.000000,2400.000000,24600.000000,2366.255553,0.000000,23962.184853
2021-04-27,2.986300,200.000000,2600.000000,24800.000000,2586.232046,0.000000,23962.184853
2021-04-28,3.000500,0.000000,2600.000000,24800.000000,2598.529704,0.000000,23962.184853
2021-04-29,3.017500,0.000000,2600.000000,24800.000000,2613.252252,0.000000,23962.184853
2021-04-30,2.972200,0.000000,2600.000000,24800.000000,2574.020992,0.000000,23962.184853
2021-05-06,2.901000,0.000000,2600.000000,24800.000000,2512.359497,0.000000,23962.184853
2021-05-07,2.859700,200.000000,2800.000000,25000.000000,2676.592366,0.000000,23962.184853
2021-05-10,2.816100,0.000000,2800.000000,25000.000000,2635.784090,0.000000,23962.184853
2021-05-11,2.822900,0.000000,2800.000000,25000.000000,2642.148684,0.000000,23962.184853
2021-05-12,2.856000,0.000000,2800.000000,25000.000000,2673.129278,0.000000,23962.184853
2021-05-13,2.833300,0.000000,2800.000000,25000.000000,2651.882768,0.000000,23962.184853
2021-05-14,2.866200,200.000000,3000.000000,25200.000000,2882.676169,0.000000,23962.184853
2021-05-17,2.931800,0.000000,3000.000000,25200.000000,2948.653266,0.000000,23962.184853
2021-05-18,2.948200,0.000000,3000.000000,25200.000000,2965.147541,0.000000,23962.184853
2021-05-19,2.934500,0.000000,3000.000000,25200.000000,2951.368787,0.000000,23962.184853
2021-05-20,2.966500,0.000000,3000.000000,25200.000000,2983.552737,0.000000,23962.184853
2021-05-21,2.953800,200.000000,3200.000000,25400.000000,3170.779732,0.000000,23962.184853
2021-05-24,2.981300,0.000000,3200.000000,25400.000000,3200.299822,0.000000,23962.184853
2021-05-25,3.105600,0.000000,3200.000000,25400.000000,3333.730630,0.000000,23962.184853
2021-05-26,3.107800,0.000000,3200.000000,25400.000000,3336.092237,0.000000,23962.184853
2021-05-27,3.101600,0.000000,3200.000000,25400.000000,3329.436799,0.000000,23962.184853
2021-05-28,3.080500,200.000000,3400.000000,25600.000000,3506.786839,0.000000,23962.184853
2021-05-31,3.131300,0.000000,3400.000000,25600.000000,3564.616662,0.000000,23962.184853
2021-06-01,3.173300,0.000000,3400.000000,25600.000000,3612.428721,0.000000,23962.184853
2021-06-02,3.143800,0.000000,3400.000000,25600.000000,3578.846442,0.000000,23962.184853
2021-06-03,3.121900,0.000000,3400.000000,25600.000000,3553.915868,0.000000,23962.184853
2021-06-04,3.141100,200.000000,3600.000000,25800.000000,3775.772809,0.000000,23962.184853
2021-06-07,3.126000,0.000000,3600.000000,25800.000000,3757.621789,0.000000,23962.184853
2021-06-08,3.049000,0.000000,3600.000000,25800.000000,3665.063607,0.000000,23962.184853
2021-06-09,3.058700,0.000000,3600.000000,25800.000000,3676.723534,0.000000,23962.184853
2021-06-10,3.091600,0.000000,3600.000000,25800.000000,3716.271121,0.000000,23962.184853
2021-06-11,3.042100,200.000000,3800.000000,26000.000000,3856.769432,0.000000,23962.184853
2021-06-15,3.008800,0.000000,3800.000000,26000.000000,3814.551746,0.000000,23962.184853
2021-06-16,2.966400,0.000000,3800.000000,26000.000000,3760.797095,0.000000,23962.184853
2021-06-17,2.978600,0.000000,3800.000000,26000.000000,3776.264235,0.000000,23962.184853
2021-06-18,2.966800,0.000000,3800.000000,26000.000000,3761.304214,0.000000,23962.184853
2021-06-21,2.958400,200.000000,4000.000000,26200.000000,3950.654708,0.000000,23962.184853
2021-06-22,2.960500,0.000000,4000.000000,26200.000000,3953.459053,0.000000,23962.184853
2021-06-23,2.951800,0.000000,4000.000000,26200.000000,3941.841052,0.000000,23962.184853
2021-06-24,2.991000,0.000000,4000.000000,26200.000000,3994.188829,0.000000,23962.184853
2021-06-25,3.064400,0.000000,4000.000000,26200.000000,4092.207371,0.000000,23962.184853
2021-06-28,3.062200,200.000000,4200.000000,26400.000000,4289.269486,0.000000,23962.184853
2021-06-29,3.004100,0.000000,4200.000000,26400.000000,4207.887944,0.000000,23962.184853
2021-06-30,3.014400,0.000000,4200.000000,26400.000000,4222.315309,0.000000,23962.184853
2021-07-01,3.032400,0.000000,4200.000000,26400.000000,4247.528179,0.000000,23962.184853
2021-07-02,2.932800,0.000000,4200.000000,26400.000000,4108.016964,0.000000,23962.184853
2021-07-05,2.892800,200.000000,4400.000000,26600.000000,4251.988364,0.000000,23962.184853
2021-07-06,2.903100,0.000000,4400.000000,26600.000000,4267.127842,0.000000,23962.184853
2021-07-07,2.924500,0.000000,4400.000000,26600.000000,4298.582678,0.000000,23962.184853
2021-07-08,2.835900,0.000000,4400.000000,26600.000000,4168.353776,0.000000,23962.184853
2021-07-09,2.825600,0.000000,4400.000000,26600.000000,4153.214298,0.000000,23962.184853
2021-07-12,2.868900,200.000000,4600.000000,26800.000000,4416.858897,0.000000,23962.184853
2021-07-13,2.903500,0.000000,4600.000000,26800.000000,4470.127857,0.000000,23962.184853
2021-07-14,2.895200,0.000000,4600.000000,26800.000000,4457.349465,0.000000,23962.184853
2021-07-15,2.931700,0.000000,4600.000000,26800.000000,4513.543598,0.000000,23962.184853
2021-07-16,2.935400,0.000000,4600.000000,26800.000000,4519.239990,0.000000,23962.184853
2021-07-19,2.928600,200.000000,4800.000000,27000.000000,4708.770946,0.000000,23962.184853
2021-07-20,2.918300,0.000000,4800.000000,27000.000000,4692.210015,0.000000,23962.184853
2021-07-21,2.922400,0.000000,4800.000000,27000.000000,4698.802230,0.000000,23962.184853
2021-07-22,2.913500,0.000000,4800.000000,27000.000000,4684.492300,0.000000,23962.184853
2021-07-23,2.861000,0.000000,4800.000000,27000.000000,4600.079791,0.000000,23962.184853
2021-07-26,2.681000,200.000000,5000.000000,27200.000000,4510.665474,0.000000,23962.184853
2021-07-27,2.519200,0.000000,5000.000000,27200.000000,4238.444036,0.000000,23962.184853
2021-07-28,2.549700,0.000000,5000.000000,27200.000000,4289.758955,0.000000,23962.184853
2021-07-29,2.573500,0.000000,5000.000000,27200.000000,4329.801416,0.000000,23962.184853
2021-07-30,2.496700,0.000000,5000.000000,27200.000000,4200.588768,0.000000,23962.184853
2021-08-02,2.566400,200.000000,5200.000000,27400.000000,4517.855976,0.000000,23962.184853
2021-08-03,2.578500,0.000000,5200.000000,27400.000000,4539.156653,0.000000,23962.184853
2021-08-04,2.559600,0.000000,5200.000000,27400.000000,4505.885348,0.000000,23962.184853
2021-08-05,2.533700,0.000000,5200.000000,27400.000000,4460.291337,0.000000,23962.184853
2021-08-06,2.535500,0.000000,5200.000000,27400.000000,4463.460032,0.000000,23962.184853
2021-08-09,2.565300,200.000000,5400.000000,27600.000000,4715.919551,0.000000,23962.184853
2021-08-10,2.654400,0.000000,5400.000000,27600.000000,4879.716546,0.000000,23962.184853
2021-08-11,2.635000,0.000000,5400.000000,27600.000000,4844.052554,0.000000,23962.184853
2021-08-12,2.589700,0.000000,5400.000000,27600.000000,4760.775294,0.000000,23962.184853
2021-08-13,2.588700,0.000000,5400.000000,27600.000000,4758.936943,0.000000,23962.184853
2021-08-16,2.571800,200.000000,5600.000000,27800.000000,4927.868826,0.000000,23962.184853
2021-08-17,2.488700,0.000000,5600.000000,27800.000000,4768.639532,0.000000,23962.184853
2021-08-18,2.522400,0.000000,5600.000000,27800.000000,4833.212663,0.000000,23962.184853
2021-08-19,2.483800,0.000000,5600.000000,27800.000000,4759.250560,0.000000,23962.184853
2021-08-20,2.403900,0.000000,5600.000000,27800.000000,4606.152839,0.000000,23962.184853
2021-08-23,2.454800,200.000000,5800.000000,28000.000000,4903.683177,0.000000,23962.184853
2021-08-24,2.503800,0.000000,5800.000000,28000.000000,5001.565072,0.000000,23962.184853
2021-08-25,2.528100,0.000000,5800.000000,28000.000000,5050.106502,0.000000,23962.184853
2021-08-26,2.463500,0.000000,5800.000000,28000.000000,4921.062208,0.000000,23962.184853
2021-08-27,2.456100,0.000000,5800.000000,28000.000000,4906.280044,0.000000,23962.184853
2021-08-30,2.447200,200.000000,6000.000000,28200.000000,5088.501496,0.000000,23962.184853
2021-08-31,2.438600,0.000000,6000.000000,28200.000000,5070.619380,0.000000,23962.184853
2021-09-01,2.511900,0.000000,6000.000000,28200.000000,5223.033224,0.000000,23962.184853
2021-09-02,2.500600,0.000000,6000.000000,28200.000000,5199.536956,0.000000,23962.184853
2021-09-03,2.505700,0.000000,6000.000000,28200.000000,5210.141467,0.000000,23962.184853
2021-09-06,2.550600,200.000000,6200.000000,28400.000000,5503.502744,0.000000,23962.184853
2021-09-07,2.570400,0.000000,6200.000000,28400.000000,5546.225771,0.000000,23962.184853
2021-09-08,2.548400,0.000000,6200.000000,28400.000000,5498.755741,0.000000,23962.184853
2021-09-09,2.509700,0.000000,6200.000000,28400.000000,5415.251641,0.000000,23962.184853
2021-09-10,2.577900,0.000000,6200.000000,28400.000000,5562.408736,0.000000,23962.184853
2021-09-13,2.564600,200.000000,6400.000000,28600.000000,5733.710945,0.000000,23962.184853
2021-09-14,2.528400,0.000000,6400.000000,28600.000000,5652.778115,0.000000,23962.184853
2021-09-15,2.479900,0.000000,6400.000000,28600.000000,5544.346008,0.000000,23962.184853
2021-09-16,2.473700,0.000000,6400.000000,28600.000000,5530.484584,0.000000,23962.184853
2021-09-17,2.514400,0.000000,6400.000000,28600.000000,5621.478125,0.000000,23962.184853
2021-09-22,2.437700,200.000000,6600.000000,28800.000000,5649.998897,0.000000,23962.184853
2021-09-23,2.434900,0.000000,6600.000000,28800.000000,5643.509174,0.000000,23962.184853
2021-09-24,2.460600,0.000000,6600.000000,28800.000000,5703.075557,0.000000,23962.184853
2021-09-27,2.560200,0.000000,6600.000000,28800.000000,5933.924263,0.000000,23962.184853
2021-09-28,2.569300,0.000000,6600.000000,28800.000000,5955.015862,0.000000,23962.184853
2021-09-29,2.575300,200.000000,6800.000000,29000.000000,6168.922410,0.000000,23962.184853
2021-09-30,2.586000,0.000000,6800.000000,29000.000000,6194.553393,0.000000,23962.184853
2021-10-08,2.645700,0.000000,6800.000000,29000.000000,6337.559904,0.000000,23962.184853
2021-10-11,2.680500,0.000000,6800.000000,29000.000000,6420.920483,0.000000,23962.184853
2021-10-12,2.664300,0.000000,6800.000000,29000.000000,6382.114696,0.000000,23962.184853
2021-10-13,2.713700,200.000000,7000.000000,29200.000000,6700.448392,0.000000,23962.184853
2021-10-14,2.700700,0.000000,7000.000000,29200.000000,6668.349844,0.000000,23962.184853
2021-10-15,2.707500,0.000000,7000.000000,29200.000000,6685.139854,0.000000,23962.184853
2021-10-18,2.620900,0.000000,7000.000000,29200.000000,6471.314143,0.000000,23962.184853
2021-10-19,2.661700,0.000000,7000.000000,29200.000000,6572.054201,0.000000,23962.184853
2021-10-20,2.671800,200.000000,7200.000000,29400.000000,6796.992304,0.000000,23962.184853
2021-10-21,2.679800,0.000000,7200.000000,29400.000000,6817.344103,0.000000,23962.184853
2021-10-22,2.710200,0.000000,7200.000000,29400.000000,6894.680942,0.000000,23962.184853
2021-10-25,2.693500,0.000000,7200.000000,29400.000000,6852.196560,0.000000,23962.184853
2021-10-26,2.688900,0.000000,7200.000000,29400.000000,6840.494275,0.000000,23962.184853
2021-10-27,2.639100,200.000000,7400.000000,29600.000000,6913.804322,0.000000,23962.184853
2021-10-28,2.646400,0.000000,7400.000000,29600.000000,6932.928558,0.000000,23962.184853
2021-10-29,2.653300,0.000000,7400.000000,29600.000000,6951.004891,0.000000,23962.184853
2021-11-01,2.635500,0.000000,7400.000000,29600.000000,6904.373192,0.000000,23962.184853
2021-11-02,2.583400,0.000000,7400.000000,29600.000000,6767.883781,0.000000,23962.184853
2021-11-03,2.562500,200.000000,7600.000000,29800.000000,6913.130831,0.000000,23962.184853
2021-11-04,2.619800,0.000000,7600.000000,29800.000000,7067.715181,0.000000,23962.184853
2021-11-05,2.611800,0.000000,7600.000000,29800.000000,7046.132724,0.000000,23962.184853
2021-11-08,2.596100,0.000000,7600.000000,29800.000000,7003.777151,0.000000,23962.184853
2021-11-09,2.583800,0.000000,7600.000000,29800.000000,6970.594123,0.000000,23962.184853
2021-11-10,2.565700,200.000000,7800.000000,30000.000000,7121.763814,0.000000,23962.184853
2021-11-11,2.594200,0.000000,7800.000000,30000.000000,7200.872934,0.000000,23962.184853
2021-11-12,2.582300,0.000000,7800.000000,30000.000000,7167.841406,0.000000,23962.184853
2021-11-15,2.591000,0.000000,7800.000000,30000.000000,7191.990506,0.000000,23962.184853
2021-11-16,2.624600,0.000000,7800.000000,30000.000000,7285.255995,0.000000,23962.184853
2021-11-17,2.608800,200.000000,8000.000000,30200.000000,7441.399009,0.000000,23962.184853
2021-11-18,2.583700,0.000000,8000.000000,30200.000000,7369.803212,0.000000,23962.184853
2021-11-19,2.606900,0.000000,8000.000000,30200.000000,7435.979407,0.000000,23962.184853
2021-11-22,2.607000,0.000000,8000.000000,30200.000000,7436.264649,0.000000,23962.184853
2021-11-23,2.577200,0.000000,8000.000000,30200.000000,7351.262468,0.000000,23962.184853
2021-11-24,2.609100,200.000000,8200.000000,30400.000000,7642.254736,0.000000,23962.184853
2021-11-25,2.607200,0.000000,8200.000000,30400.000000,7636.689489,0.000000,23962.184853
2021-11-26,2.569700,0.000000,8200.000000,30400.000000,7526.849103,0.000000,23962.184853
2021-11-29,2.569000,0.000000,8200.000000,30400.000000,7524.798749,0.000000,23962.184853
2021-11-30,2.532400,0.000000,8200.000000,30400.000000,7417.594532,0.000000,23962.184853
2021-12-01,2.546400,200.000000,8400.000000,30600.000000,7658.601609,0.000000,23962.184853
2021-12-02,2.556300,0.000000,8400.000000,30600.000000,7688.377040,0.000000,23962.184853
2021-12-03,2.603300,0.000000,8400.000000,30600.000000,7829.735144,0.000000,23962.184853
2021-12-06,2.594900,0.000000,8400.000000,30600.000000,7804.471142,0.000000,23962.184853
2021-12-07,2.624800,0.000000,8400.000000,30600.000000,7894.398957,0.000000,23962.184853
2021-12-08,2.685900,200.000000,8600.000000,30800.000000,8278.164492,0.000000,23962.184853
2021-12-09,2.725000,0.000000,8600.000000,30800.000000,8398.673905,0.000000,23962.184853
2021-12-10,2.709800,0.000000,8600.000000,30800.000000,8351.826256,0.000000,23962.184853
2021-12-13,2.723600,0.000000,8600.000000,30800.000000,8394.358990,0.000000,23962.184853
2021-12-14,2.710300,0.000000,8600.000000,30800.000000,8353.367297,0.000000,23962.184853
2021-12-15,2.674500,200.000000,8800.000000,31000.000000,8443.028755,0.000000,23962.184853
2021-12-16,2.666700,0.000000,8800.000000,31000.000000,8418.405228,0.000000,23962.184853
2021-12-17,2.608400,0.000000,8800.000000,31000.000000,8234.360144,0.000000,23962.184853
2021-12-20,2.593300,0.000000,8800.000000,31000.000000,8186.691520,0.000000,23962.184853
2021-12-21,2.602000,0.000000,8800.000000,31000.000000,8214.156224,0.000000,23962.184853
2021-12-22,2.601500,200.000000,9000.000000,31200.000000,8412.577793,0.000000,23962.184853
2021-12-23,2.635900,0.000000,9000.000000,31200.000000,8523.818491,0.000000,23962.184853
2021-12-24,2.650700,0.000000,9000.000000,31200.000000,8571.677861,0.000000,23962.184853
2021-12-27,2.627700,0.000000,9000.000000,31200.000000,8497.301813,0.000000,23962.184853
2021-12-28,2.636800,0.000000,9000.000000,31200.000000,8526.728858,0.000000,23962.184853
2021-12-29,2.557900,200.000000,9200.000000,31400.000000,8471.586676,0.000000,23962.184853
2021-12-30,2.576600,0.000000,9200.000000,31400.000000,8533.519773,0.000000,23962.184853
2021-12-31,2.582500,0.000000,9200.000000,31400.000000,8553.060162,0.000000,23962.184853
2022-01-04,2.567100,0.000000,9200.000000,31400.000000,8502.056435,0.000000,23962.184853
2022-01-05,2.540700,0.000000,9200.000000,31400.000000,8414.621473,0.000000,23962.184853
2022-01-06,2.505700,200.000000,9400.000000,31600.000000,8498.703911,0.000000,23962.184853
2022-01-07,2.512200,0.000000,9400.000000,31600.000000,8520.750275,0.000000,23962.184853
2022-01-10,2.529700,0.000000,9400.000000,31600.000000,8580.105872,0.000000,23962.184853
2022-01-11,2.513600,0.000000,9400.000000,31600.000000,8525.498723,0.000000,23962.184853
2022-01-12,2.544100,0.000000,9400.000000,31600.000000,8628.947048,0.000000,23962.184853
2022-01-13,2.489600,200.000000,9600.000000,31800.000000,8644.096762,0.000000,23962.184853
2022-01-14,2.469700,0.000000,9600.000000,31800.000000,8575.002319,0.000000,23962.184853
2022-01-17,2.473200,0.000000,9600.000000,31800.000000,8587.154608,0.000000,23962.184853
2022-01-18,2.500600,0.000000,9600.000000,31800.000000,8682.289670,0.000000,23962.184853
2022-01-19,2.498900,0.000000,9600.000000,31800.000000,8676.387130,0.000000,23962.184853
2022-01-20,2.571100,200.000000,9800.000000,32000.000000,9127.071491,0.000000,23962.184853
2022-01-21,2.589500,0.000000,9800.000000,32000.000000,9192.389104,0.000000,23962.184853
2022-01-24,2.563100,0.000000,9800.000000,32000.000000,9098.672529,0.000000,23962.184853
2022-01-25,2.521400,0.000000,9800.000000,32000.000000,8950.642938,0.000000,23962.184853
2022-01-26,2.526700,0.000000,9800.000000,32000.000000,8969.457250,0.000000,23962.184853
2022-01-27,2.484300,200.000000,10000.000000,32200.000000,9018.942750,0.000000,23962.184853
2022-01-28,2.428000,0.000000,10000.000000,32200.000000,8814.552589,0.000000,23962.184853
2022-02-07,2.463700,0.000000,10000.000000,32200.000000,8944.157008,0.000000,23962.184853
2022-02-08,2.435100,0.000000,10000.000000,32200.000000,8840.328258,0.000000,23962.184853
2022-02-09,2.498600,0.000000,10000.000000,32200.000000,9070.857125,0.000000,23962.184853
2022-02-10,2.497200,200.000000,10200.000000,32400.000000,9265.774599,0.000000,23962.184853
2022-02-11,2.487300,0.000000,10200.000000,32400.000000,9229.040990,0.000000,23962.184853
2022-02-14,2.479800,0.000000,10200.000000,32400.000000,9201.212498,0.000000,23962.184853
2022-02-15,2.481500,0.000000,10200.000000,32400.000000,9207.520290,0.000000,23962.184853
2022-02-16,2.500100,0.000000,10200.000000,32400.000000,9276.534949,0.000000,23962.184853
2022-02-17,2.496800,200.000000,10400.000000,32600.000000,9464.290413,0.000000,23962.184853
2022-02-18,2.482200,0.000000,10400.000000,32600.000000,9408.948118,0.000000,23962.184853
2022-02-21,2.461300,0.000000,10400.000000,32600.000000,9329.725245,0.000000,23962.184853
2022-02-22,2.411000,0.000000,10400.000000,32600.000000,9139.059670,0.000000,23962.184853
2022-02-23,2.425600,0.000000,10400.000000,32600.000000,9194.401964,0.000000,23962.184853
2022-02-24,2.346600,200.000000,10600.000000,32800.000000,9094.947085,0.000000,23962.184853
2022-02-25,2.356700,0.000000,10600.000000,32800.000000,9134.092643,0.000000,23962.184853
2022-02-28,2.349500,0.000000,10600.000000,32800.000000,9106.186899,0.000000,23962.184853
2022-03-01,2.376500,0.000000,10600.000000,32800.000000,9210.833439,0.000000,23962.184853
2022-03-02,2.348600,0.000000,10600.000000,32800.000000,9102.698681,0.000000,23962.184853
2022-03-03,2.312700,200.000000,10800.000000,33000.000000,9163.557540,0.000000,23962.184853
2022-03-04,2.268100,0.000000,10800.000000,33000.000000,8986.839995,0.000000,23962.184853
2022-03-07,2.168600,0.000000,10800.000000,33000.000000,8592.593454,0.000000,23962.184853
2022-03-08,2.152600,0.000000,10800.000000,33000.000000,8529.197026,0.000000,23962.184853
2022-03-09,2.142400,0.000000,10800.000000,33000.000000,8488.781802,0.000000,23962.184853
2022-03-10,2.189400,200.000000,11000.000000,33200.000000,8875.008812,0.000000,23962.184853
2022-03-11,2.180600,0.000000,11000.000000,33200.000000,8839.336903,0.000000,23962.184853
2022-03-14,2.063800,0.000000,11000.000000,33200.000000,8365.873383,0.000000,23962.184853
2022-03-15,1.955200,0.000000,11000.000000,33200.000000,7925.649597,0.000000,23962.184853
2022-03-16,2.098600,0.000000,11000.000000,33200.000000,8506.939569,0.000000,23962.184853
2022-03-17,2.182400,200.000000,11200.000000,33400.000000,9046.633429,0.000000,23962.184853
2022-03-18,2.179500,0.000000,11200.000000,33400.000000,9034.612152,0.000000,23962.184853
2022-03-21,2.147700,0.000000,11200.000000,33400.000000,8902.792621,0.000000,23962.184853
2022-03-22,2.166900,0.000000,11200.000000,33400.000000,8982.381772,0.000000,23962.184853
2022-03-23,2.186600,0.000000,11200.000000,33400.000000,9064.043556,0.000000,23962.184853
2022-03-24,2.145100,200.000000,11400.000000,33600.000000,9092.014924,0.000000,23962.184853
2022-03-25,2.087300,0.000000,11400.000000,33600.000000,8847.029393,0.000000,23962.184853
2022-03-28,2.071600,0.000000,11400.000000,33600.000000,8780.484880,0.000000,23962.184853
2022-03-29,2.075300,0.000000,11400.000000,33600.000000,8796.167345,0.000000,23962.184853
2022-03-30,2.134000,0.000000,11400.000000,33600.000000,9044.967529,0.000000,23962.184853
2022-03-31,2.116500,200.000000,11600.000000,33800.000000,9170.793709,0.000000,23962.184853
2022-04-01,2.144400,0.000000,11600.000000,33800.000000,9291.684399,0.000000,23962.184853
2022-04-06,2.144300,0.000000,11600.000000,33800.000000,9291.251099,0.000000,23962.184853
2022-04-07,2.127700,0.000000,11600.000000,33800.000000,9219.323305,0.000000,23962.184853
2022-04-08,2.125700,0.000000,11600.000000,33800.000000,9210.657306,0.000000,23962.184853
2022-04-11,2.048800,200.000000,11800.000000,34000.000000,9077.449635,0.000000,23962.184853
2022-04-12,2.113200,0.000000,11800.000000,34000.000000,9362.781417,0.000000,23962.184853
2022-04-13,2.112100,0.000000,11800.000000,34000.000000,9357.907738,0.000000,23962.184853
2022-04-14,2.162000,0.000000,11800.000000,34000.000000,9578.995563,0.000000,23962.184853
2022-04-15,2.165600,0.000000,11800.000000,34000.000000,9594.945787,0.000000,23962.184853
2022-04-18,2.144200,200.000000,12000.000000,34200.000000,9700.130567,0.000000,23962.184853
2022-04-19,2.107300,0.000000,12000.000000,34200.000000,9533.198930,0.000000,23962.184853
2022-04-20,2.109300,0.000000,12000.000000,34200.000000,9542.246715,0.000000,23962.184853
2022-04-21,2.078500,0.000000,12000.000000,34200.000000,9402.910822,0.000000,23962.184853
2022-04-22,2.105200,0.000000,12000.000000,34200.000000,9523.698755,0.000000,23962.184853
2022-04-25,2.014000,200.000000,12200.000000,34400.000000,9311.119748,0.000000,23962.184853
2022-04-26,2.049000,0.000000,12200.000000,34400.000000,9472.931660,0.000000,23962.184853
2022-04-27,2.084700,0.000000,12200.000000,34400.000000,9637.979810,0.000000,23962.184853
2022-04-28,2.120400,0.000000,12200.000000,34400.000000,9803.027961,0.000000,23962.184853
2022-04-29,2.195200,0.000000,12200.000000,34400.000000,10148.843133,0.000000,23962.184853
2022-05-05,2.157500,200.000000,12400.000000,34600.000000,10174.548588,0.000000,23962.184853
2022-05-06,2.077600,0.000000,12400.000000,34600.000000,9797.748387,0.000000,23962.184853
2022-05-09,2.053100,0.000000,12400.000000,34600.000000,9682.208902,0.000000,23962.184853
2022-05-10,2.066100,0.000000,12400.000000,34600.000000,9743.515568,0.000000,23962.184853
2022-05-11,2.091000,0.000000,12400.000000,34600.000000,9860.941412,0.000000,23962.184853
2022-05-12,2.083100,200.000000,12600.000000,34800.000000,10023.685823,0.000000,23962.184853
2022-05-13,2.102600,0.000000,12600.000000,34800.000000,10117.518031,0.000000,23962.184853
2022-05-16,2.080400,0.000000,12600.000000,34800.000000,10010.693671,0.000000,23962.184853
2022-05-17,2.123600,0.000000,12600.000000,34800.000000,10218.568102,0.000000,23962.184853
2022-05-18,2.108400,0.000000,12600.000000,34800.000000,10145.427099,0.000000,23962.184853
2022-05-19,2.071200,200.000000,12800.000000,35000.000000,10166.424116,0.000000,23962.184853
2022-05-20,2.140100,0.000000,12800.000000,35000.000000,10504.617734,0.000000,23962.184853
2022-05-23,2.102100,0.000000,12800.000000,35000.000000,10318.095855,0.000000,23962.184853
2022-05-24,2.060000,0.000000,12800.000000,35000.000000,10111.449247,0.000000,23962.184853
2022-05-25,2.053400,0.000000,12800.000000,35000.000000,10079.053341,0.000000,23962.184853
2022-05-26,2.051900,200.000000,13000.000000,35200.000000,10271.690635,0.000000,23962.184853
2022-05-27,2.078000,0.000000,13000.000000,35200.000000,10402.345699,0.000000,23962.184853
2022-05-30,2.125500,0.000000,13000.000000,35200.000000,10640.127904,0.000000,23962.184853
2022-05-31,2.177400,0.000000,13000.000000,35200.000000,10899.936249,0.000000,23962.184853
2022-06-01,2.169400,0.000000,13000.000000,35200.000000,10859.888720,0.000000,23962.184853
2022-06-02,2.155900,200.000000,13200.000000,35400.000000,10992.308514,0.000000,23962.184853
2022-06-06,2.194500,0.000000,13200.000000,35400.000000,11189.118714,0.000000,23962.184853
2022-06-07,2.210600,0.000000,13200.000000,35400.000000,11271.207942,0.000000,23962.184853
2022-06-08,2.271600,0.000000,13200.000000,35400.000000,11582.229241,0.000000,23962.184853
2022-06-09,2.248600,0.000000,13200.000000,35400.000000,11464.958915,0.000000,23962.184853
2022-06-10,2.268500,200.000000,13400.000000,35600.000000,11766.423241,0.000000,23962.184853
2022-06-13,2.202600,0.000000,13400.000000,35600.000000,11424.608257,0.000000,23962.184853
2022-06-14,2.221700,0.000000,13400.000000,35600.000000,11523.677547,0.000000,23962.184853
2022-06-15,2.257500,0.000000,13400.000000,35600.000000,11709.367629,0.000000,23962.184853
2022-06-16,2.224200,0.000000,13400.000000,35600.000000,11536.644731,0.000000,23962.184853
2022-06-17,2.261300,200.000000,13600.000000,35800.000000,11929.077749,0.000000,23962.184853
2022-06-20,2.281200,0.000000,13600.000000,35800.000000,12034.056588,0.000000,23962.184853
2022-06-21,2.295000,0.000000,13600.000000,35800.000000,12106.855983,0.000000,23962.184853
2022-06-22,2.256400,0.000000,13600.000000,35800.000000,11903.228689,0.000000,23962.184853
2022-06-23,2.275800,0.000000,13600.000000,35800.000000,12005.569868,0.000000,23962.184853
2022-06-24,2.325900,200.000000,13800.000000,36000.000000,12469.863325,0.000000,23962.184853
2022-06-27,2.376500,0.000000,13800.000000,36000.000000,12741.145446,0.000000,23962.184853
2022-06-28,2.388000,0.000000,13800.000000,36000.000000,12802.800473,0.000000,23962.184853
2022-06-29,2.358100,0.000000,13800.000000,36000.000000,12642.497402,0.000000,23962.184853
2022-06-30,2.395900,0.000000,13800.000000,36000.000000,12845.154796,0.000000,23962.184853
2022-07-01,2.385500,200.000000,14000.000000,36200.000000,12989.397206,0.000000,23962.184853
2022-07-04,2.376600,0.000000,14000.000000,36200.000000,12940.935402,0.000000,23962.184853
2022-07-05,2.374700,0.000000,14000.000000,36200.000000,12930.589623,0.000000,23962.184853
2022-07-06,2.337700,0.000000,14000.000000,36200.000000,12729.119199,0.000000,23962.184853
2022-07-07,2.327600,0.000000,14000.000000,36200.000000,12674.123219,0.000000,23962.184853
2022-07-08,2.333600,200.000000,14200.000000,36400.000000,12906.794098,0.000000,23962.184853
2022-07-11,2.278600,0.000000,14200.000000,36400.000000,12602.597288,0.000000,23962.184853
2022-07-12,2.265000,0.000000,14200.000000,36400.000000,12527.377713,0.000000,23962.184853
2022-07-13,2.262700,0.000000,14200.000000,36400.000000,12514.656756,0.000000,23962.184853
2022-07-14,2.256600,0.000000,14200.000000,36400.000000,12480.918564,0.000000,23962.184853
2022-07-15,2.236300,200.000000,14400.000000,36600.000000,12568.642287,0.000000,23962.184853
2022-07-18,2.252000,0.000000,14400.000000,36600.000000,12656.880754,0.000000,23962.184853
2022-07-19,2.251000,0.000000,14400.000000,36600.000000,12651.260470,0.000000,23962.184853
2022-07-20,2.274200,0.000000,14400.000000,36600.000000,12781.651071,0.000000,23962.184853
2022-07-21,2.249300,0.000000,14400.000000,36600.000000,12641.705986,0.000000,23962.184853
2022-07-22,2.249900,200.000000,14600.000000,36800.000000,12845.078157,0.000000,23962.184853
2022-07-25,2.247900,0.000000,14600.000000,36800.000000,12833.659802,0.000000,23962.184853
2022-07-26,2.274700,0.000000,14600.000000,36800.000000,12986.665756,0.000000,23962.184853
2022-07-27,2.247300,0.000000,14600.000000,36800.000000,12830.234296,0.000000,23962.184853
2022-07-28,2.233800,0.000000,14600.000000,36800.000000,12753.160401,0.000000,23962.184853
2022-07-29,2.169600,200.000000,14800.000000,37000.000000,12586.631214,0.000000,23962.184853
2022-08-01,2.177200,0.000000,14800.000000,37000.000000,12630.721552,0.000000,23962.184853
2022-08-02,2.136100,0.000000,14800.000000,37000.000000,12392.285646,0.000000,23962.184853
2022-08-03,2.142500,0.000000,14800.000000,37000.000000,12429.414351,0.000000,23962.184853
2022-08-04,2.180600,0.000000,14800.000000,37000.000000,12650.446177,0.000000,23962.184853
2022-08-05,2.183200,200.000000,15000.000000,37200.000000,12865.529714,0.000000,23962.184853
2022-08-08,2.163100,0.000000,15000.000000,37200.000000,12747.081039,0.000000,23962.184853
2022-08-09,2.151300,0.000000,15000.000000,37200.000000,12677.544006,0.000000,23962.184853
2022-08-10,2.113600,0.000000,15000.000000,37200.000000,12455.379078,0.000000,23962.184853
2022-08-11,2.159000,0.000000,15000.000000,37200.000000,12722.919866,0.000000,23962.184853
2022-08-12,2.183900,200.000000,15200.000000,37400.000000,13069.654792,0.000000,23962.184853
2022-08-15,2.163400,0.000000,15200.000000,37400.000000,12946.971554,0.000000,23962.184853
2022-08-16,2.147100,0.000000,15200.000000,37400.000000,12849.423419,0.000000,23962.184853
2022-08-17,2.160000,0.000000,15200.000000,37400.000000,12926.624090,0.000000,23962.184853
2022-08-18,2.139600,0.000000,15200.000000,37400.000000,12804.539307,0.000000,23962.184853
2022-08-19,2.143900,200.000000,15400.000000,37600.000000,13030.272864,0.000000,23962.184853
2022-08-22,2.147300,0.000000,15400.000000,37600.000000,13050.937507,0.000000,23962.184853
2022-08-23,2.128700,0.000000,15400.000000,37600.000000,12937.889755,0.000000,23962.184853
2022-08-24,2.106600,0.000000,15400.000000,37600.000000,12803.569577,0.000000,23962.184853
2022-08-25,2.169000,0.000000,15400.000000,37600.000000,13182.826551,0.000000,23962.184853
2022-08-26,2.184900,200.000000,15600.000000,37800.000000,13479.464145,0.000000,23962.184853
2022-08-29,2.162500,0.000000,15600.000000,37800.000000,13341.270179,0.000000,23962.184853
2022-08-30,2.159200,0.000000,15600.000000,37800.000000,13320.911247,0.000000,23962.184853
2022-08-31,2.191100,0.000000,15600.000000,37800.000000,13517.714261,0.000000,23962.184853
2022-09-01,2.142800,0.000000,15600.000000,37800.000000,13219.733521,0.000000,23962.184853
2022-09-02,2.123600,200.000000,15800.000000,38000.000000,13301.281550,0.000000,23962.184853
2022-09-05,2.088200,0.000000,15800.000000,38000.000000,13079.551767,0.000000,23962.184853
2022-09-06,2.086700,0.000000,15800.000000,38000.000000,13070.156438,0.000000,23962.184853
2022-09-07,2.066400,0.000000,15800.000000,38000.000000,12943.006308,0.000000,23962.184853
2022-09-08,2.053300,0.000000,15800.000000,38000.000000,12860.953761,0.000000,23962.184853
2022-09-09,2.099100,200.000000,16000.000000,38200.000000,13347.824497,0.000000,23962.184853
2022-09-13,2.088400,0.000000,16000.000000,38200.000000,13279.784994,0.000000,23962.184853
2022-09-14,2.062500,0.000000,16000.000000,38200.000000,13115.091242,0.000000,23962.184853
2022-09-15,2.082900,0.000000,16000.000000,38200.000000,13244.811417,0.000000,23962.184853
2022-09-16,2.037000,0.000000,16000.000000,38200.000000,12952.941023,0.000000,23962.184853
2022-09-19,2.032800,200.000000,16200.000000,38400.000000,13126.233928,0.000000,23962.184853
2022-09-20,2.051600,0.000000,16200.000000,38400.000000,13247.629637,0.000000,23962.184853
2022-09-21,2.026800,0.000000,16200.000000,38400.000000,13087.490616,0.000000,23962.184853
2022-09-22,1.997900,0.000000,16200.000000,38400.000000,12900.876999,0.000000,23962.184853
2022-09-23,1.992200,0.000000,16200.000000,38400.000000,12864.070854,0.000000,23962.184853
2022-09-26,2.022800,200.000000,16400.000000,38600.000000,13261.661742,0.000000,23962.184853
2022-09-27,2.070300,0.000000,16400.000000,38600.000000,13573.076085,0.000000,23962.184853
2022-09-28,2.054700,0.000000,16400.000000,38600.000000,13470.801059,0.000000,23962.184853
2022-09-29,2.045900,0.000000,16400.000000,38600.000000,13413.107454,0.000000,23962.184853
2022-09-30,2.031300,0.000000,16400.000000,38600.000000,13317.388519,0.000000,23962.184853
2022-10-10,1.973400,200.000000,16600.000000,38800.000000,13137.790825,0.000000,23962.184853
2022-10-11,1.952500,0.000000,16600.000000,38800.000000,12998.650343,0.000000,23962.184853
2022-10-12,1.943200,0.000000,16600.000000,38800.000000,12936.736157,0.000000,23962.184853
2022-10-13,1.905400,0.000000,16600.000000,38800.000000,12685.084949,0.000000,23962.184853
2022-10-14,1.944200,0.000000,16600.000000,38800.000000,12943.393596,0.000000,23962.184853
2022-10-17,1.932400,200.000000,16800.000000,39000.000000,13064.835812,0.000000,23962.184853
2022-10-18,1.941200,0.000000,16800.000000,39000.000000,13124.332063,0.000000,23962.184853
2022-10-19,1.877200,0.000000,16800.000000,39000.000000,12691.632057,0.000000,23962.184853
2022-10-20,1.849300,0.000000,16800.000000,39000.000000,12503.001898,0.000000,23962.184853
2022-10-21,1.830200,0.000000,16800.000000,39000.000000,12373.867989,0.000000,23962.184853
2022-10-24,1.705600,200.000000,17000.000000,39200.000000,11731.455165,0.000000,23962.184853
2022-10-25,1.707300,0.000000,17000.000000,39200.000000,11743.148102,0.000000,23962.184853
2022-10-26,1.722700,0.000000,17000.000000,39200.000000,11849.072357,0.000000,23962.184853
2022-10-27,1.679000,0.000000,17000.000000,39200.000000,11548.495088,0.000000,23962.184853
2022-10-28,1.630800,0.000000,17000.000000,39200.000000,11216.965926,0.000000,23962.184853
2022-10-31,1.604000,200.000000,17200.000000,39400.000000,11232.630209,0.000000,23962.184853
2022-11-01,1.714300,0.000000,17200.000000,39400.000000,12005.048608,0.000000,23962.184853
2022-11-02,1.754100,0.000000,17200.000000,39400.000000,12283.763497,0.000000,23962.184853
2022-11-03,1.718000,0.000000,17200.000000,39400.000000,12030.959289,0.000000,23962.184853
2022-11-04,1.810400,0.000000,17200.000000,39400.000000,12678.026017,0.000000,23962.184853
2022-11-07,1.833800,200.000000,17400.000000,39600.000000,13041.893564,0.000000,23962.184853
2022-11-08,1.815100,0.000000,17400.000000,39600.000000,12908.900103,0.000000,23962.184853
2022-11-09,1.785800,0.000000,17400.000000,39600.000000,12700.519973,0.000000,23962.184853
2022-11-10,1.785000,0.000000,17400.000000,39600.000000,12694.830414,0.000000,23962.184853
2022-11-11,1.897300,0.000000,17400.000000,39600.000000,13493.502377,0.000000,23962.184853
2022-11-14,1.905600,200.000000,17600.000000,39800.000000,13752.531561,0.000000,23962.184853
2022-11-15,1.966800,0.000000,17600.000000,39800.000000,14194.206063,0.000000,23962.184853
2022-11-16,1.966100,0.000000,17600.000000,39800.000000,14189.154231,0.000000,23962.184853
2022-11-17,1.946400,0.000000,17600.000000,39800.000000,14046.981229,0.000000,23962.184853
2022-11-18,1.952800,0.000000,17600.000000,39800.000000,14093.169412,0.000000,23962.184853
2022-11-21,1.906800,200.000000,17800.000000,40000.000000,13961.191845,0.000000,23962.184853
2022-11-22,1.893400,0.000000,17800.000000,40000.000000,13863.079840,0.000000,23962.184853
2022-11-23,1.884900,0.000000,17800.000000,40000.000000,13800.844614,0.000000,23962.184853
2022-11-24,1.877100,0.000000,17800.000000,40000.000000,13743.734641,0.000000,23962.184853
2022-11-25,1.869000,0.000000,17800.000000,40000.000000,13684.428130,0.000000,23962.184853
2022-11-28,1.859300,200.000000,18000.000000,40200.000000,13813.406754,0.000000,23962.184853
2022-11-29,1.965300,0.000000,18000.000000,40200.000000,14600.918783,0.000000,23962.184853
2022-11-30,1.981000,0.000000,18000.000000,40200.000000,14717.559716,0.000000,23962.184853
2022-12-01,2.019500,0.000000,18000.000000,40200.000000,15003.590028,0.000000,23962.184853
2022-12-02,2.011000,0.000000,18000.000000,40200.000000,14940.440478,0.000000,23962.184853
2022-12-05,2.073400,200.000000,18200.000000,40400.000000,15604.032465,0.000000,23962.184853
2022-12-06,2.079500,0.000000,18200.000000,40400.000000,15649.939959,0.000000,23962.184853
2022-12-07,2.056800,0.000000,18200.000000,40400.000000,15479.103875,0.000000,23962.184853
2022-12-08,2.093700,0.000000,18200.000000,40400.000000,15756.806585,0.000000,23962.184853
2022-12-09,2.151300,0.000000,18200.000000,40400.000000,16190.293741,0.000000,23962.184853
2022-12-12,2.105900,200.000000,18400.000000,40600.000000,16048.621573,0.000000,23962.184853
2022-12-13,2.122700,0.000000,18400.000000,40600.000000,16176.650844,0.000000,23962.184853
2022-12-14,2.160500,0.000000,18400.000000,40600.000000,16464.716705,0.000000,23962.184853
2022-12-15,2.132000,0.000000,18400.000000,40600.000000,16247.524191,0.000000,23962.184853
2022-12-16,2.147300,0.000000,18400.000000,40600.000000,16364.122277,0.000000,23962.184853
2022-12-19,2.129600,200.000000,18600.000000,40800.000000,16429.234295,0.000000,23962.184853
2022-12-20,2.072300,0.000000,18600.000000,40800.000000,15987.181738,0.000000,23962.184853
2022-12-21,2.088500,0.000000,18600.000000,40800.000000,16112.159948,0.000000,23962.184853
2022-12-22,2.144000,0.000000,18600.000000,40800.000000,16540.326037,0.000000,23962.184853
2022-12-23,2.152900,0.000000,18600.000000,40800.000000,16608.986905,0.000000,23962.184853
2022-12-26,2.132700,200.000000,18800.000000,41000.000000,16653.149878,0.000000,23962.184853
2022-12-27,2.150700,0.000000,18800.000000,41000.000000,16793.702557,0.000000,23962.184853
2022-12-28,2.169600,0.000000,18800.000000,41000.000000,16941.282869,0.000000,23962.184853
2022-12-29,2.169300,0.000000,18800.000000,41000.000000,16938.940325,0.000000,23962.184853
2022-12-30,2.168800,0.000000,18800.000000,41000.000000,16935.036084,0.000000,23962.184853
2022-12-31,2.168600,200.000000,19000.000000,41200.000000,17133.474387,0.000000,23962.184853
2023-01-03,2.175300,0.000000,19000.000000,41200.000000,17186.409128,0.000000,23962.184853
2023-01-04,2.203100,0.000000,19000.000000,41200.000000,17406.048798,0.000000,23962.184853
2023-01-05,2.267400,0.000000,19000.000000,41200.000000,17914.064293,0.000000,23962.184853
2023-01-06,2.258800,0.000000,19000.000000,41200.000000,17846.118208,0.000000,23962.184853
2023-01-09,2.297900,200.000000,19200.000000,41400.000000,18355.035873,0.000000,23962.184853
2023-01-10,2.291700,0.000000,19200.000000,41400.000000,18305.511863,0.000000,23962.184853
2023-01-11,2.293300,0.000000,19200.000000,41400.000000,18318.292253,0.000000,23962.184853
2023-01-12,2.281600,0.000000,19200.000000,41400.000000,18224.835654,0.000000,23962.184853
2023-01-13,2.329200,0.000000,19200.000000,41400.000000,18605.052246,0.000000,23962.184853
2023-01-16,2.349500,200.000000,19400.000000,41600.000000,18967.203440,0.000000,23962.184853
2023-01-17,2.332300,0.000000,19400.000000,41600.000000,18828.350110,0.000000,23962.184853
2023-01-18,2.331800,0.000000,19400.000000,41600.000000,18824.313676,0.000000,23962.184853
2023-01-19,2.341300,0.000000,19400.000000,41600.000000,18901.005922,0.000000,23962.184853
2023-01-20,2.366100,0.000000,19400.000000,41600.000000,19101.213049,0.000000,23962.184853
2023-01-30,2.380300,200.000000,19600.000000,41800.000000,19415.847775,0.000000,23962.184853
2023-01-31,2.323000,0.000000,19600.000000,41800.000000,18948.457918,0.000000,23962.184853
2023-02-01,2.337900,0.000000,19600.000000,41800.000000,19069.995594,0.000000,23962.184853
2023-02-02,2.326200,0.000000,19600.000000,41800.000000,18974.559969,0.000000,23962.184853
2023-02-03,2.304200,0.000000,19600.000000,41800.000000,18795.108366,0.000000,23962.184853
2023-02-06,2.246600,200.000000,19800.000000,42000.000000,18525.271441,0.000000,23962.184853
2023-02-07,2.256200,0.000000,19800.000000,42000.000000,18604.432220,0.000000,23962.184853
2023-02-08,2.244300,0.000000,19800.000000,42000.000000,18506.305838,0.000000,23962.184853
2023-02-09,2.286400,0.000000,19800.000000,42000.000000,18853.458837,0.000000,23962.184853
2023-02-10,2.263800,0.000000,19800.000000,42000.000000,18667.101170,0.000000,23962.184853
2023-02-13,2.308800,200.000000,20000.000000,42200.000000,19238.167321,0.000000,23962.184853
2023-02-14,2.285900,0.000000,20000.000000,42200.000000,19047.352165,0.000000,23962.184853
2023-02-15,2.268700,0.000000,20000.000000,42200.000000,18904.032485,0.000000,23962.184853
2023-02-16,2.273700,0.000000,20000.000000,42200.000000,18945.695183,0.000000,23962.184853
2023-02-17,2.252500,0.000000,20000.000000,42200.000000,18769.045344,0.000000,23962.184853
2023-02-20,2.292300,200.000000,20200.000000,42400.000000,19300.680418,0.000000,23962.184853
2023-02-21,2.258100,0.000000,20200.000000,42400.000000,19012.723663,0.000000,23962.184853
2023-02-22,2.235800,0.000000,20200.000000,42400.000000,18824.962387,0.000000,23962.184853
2023-02-23,2.230600,0.000000,20200.000000,42400.000000,18781.179488,0.000000,23962.184853
2023-02-24,2.192400,0.000000,20200.000000,42400.000000,18459.543580,0.000000,23962.184853
2023-02-27,2.209000,200.000000,20400.000000,42600.000000,18799.312064,0.000000,23962.184853
2023-02-28,2.201500,0.000000,20400.000000,42600.000000,18735.484612,0.000000,23962.184853
2023-03-01,2.266600,0.000000,20400.000000,42600.000000,19289.506892,0.000000,23962.184853
2023-03-02,2.250700,0.000000,20400.000000,42600.000000,19154.192695,0.000000,23962.184853
2023-03-03,2.258600,0.000000,20400.000000,42600.000000,19221.424277,0.000000,23962.184853
2023-03-06,2.246800,200.000000,20600.000000,42800.000000,19321.002420,0.000000,23962.184853
2023-03-07,2.217700,0.000000,20600.000000,42800.000000,19070.761557,0.000000,23962.184853
2023-03-08,2.186500,0.000000,20600.000000,42800.000000,18802.462075,0.000000,23962.184853
2023-03-09,2.171300,0.000000,20600.000000,42800.000000,18671.752071,0.000000,23962.184853
2023-03-10,2.130700,0.000000,20600.000000,42800.000000,18322.618772,0.000000,23962.184853
2023-03-13,2.164300,200.000000,20800.000000,43000.000000,18811.556675,0.000000,23962.184853
2023-03-14,2.136300,0.000000,20800.000000,43000.000000,18568.187647,0.000000,23962.184853
2023-03-15,2.132000,0.000000,20800.000000,43000.000000,18530.813118,0.000000,23962.184853
2023-03-16,2.115700,0.000000,20800.000000,43000.000000,18389.137577,0.000000,23962.184853
2023-03-17,2.105500,0.000000,20800.000000,43000.000000,18300.481716,0.000000,23962.184853
2023-03-20,2.064700,200.000000,21000.000000,43200.000000,18145.858276,0.000000,23962.184853
2023-03-21,2.116500,0.000000,21000.000000,43200.000000,18601.108656,0.000000,23962.184853
2023-03-22,2.125900,0.000000,21000.000000,43200.000000,18683.721659,0.000000,23962.184853
2023-03-23,2.172100,0.000000,21000.000000,43200.000000,19089.755781,0.000000,23962.184853
2023-03-24,2.157200,0.000000,21000.000000,43200.000000,18958.805382,0.000000,23962.184853
2023-03-27,2.126300,200.000000,21200.000000,43400.000000,18887.237106,0.000000,23962.184853
2023-03-28,2.159500,0.000000,21200.000000,43400.000000,19182.141998,0.000000,23962.184853
2023-03-29,2.183400,0.000000,21200.000000,43400.000000,19394.437989,0.000000,23962.184853
2023-03-30,2.196300,0.000000,21200.000000,43400.000000,19509.024529,0.000000,23962.184853
2023-03-31,2.191000,0.000000,21200.000000,43400.000000,19461.946338,0.000000,23962.184853
2023-04-03,2.185900,200.000000,21400.000000,43600.000000,19616.644683,0.000000,23962.184853
2023-04-04,2.179900,0.000000,21400.000000,43600.000000,19562.799645,0.000000,23962.184853
2023-04-06,2.162000,0.000000,21400.000000,43600.000000,19402.161949,0.000000,23962.184853
2023-04-07,2.160100,0.000000,21400.000000,43600.000000,19385.111020,0.000000,23962.184853
2023-04-10,2.148000,0.000000,21400.000000,43600.000000,19276.523528,0.000000,23962.184853
2023-04-11,2.133900,200.000000,21600.000000,43800.000000,19349.987689,0.000000,23962.184853
2023-04-12,2.093400,0.000000,21600.000000,43800.000000,18982.737817,0.000000,23962.184853
2023-04-13,2.115900,0.000000,21600.000000,43800.000000,19186.765524,0.000000,23962.184853
2023-04-14,2.110200,0.000000,21600.000000,43800.000000,19135.078505,0.000000,23962.184853
